"Project","ScanDate","DependencyName","DependencyPath","Description","License","Md5","Sha1","Identifiers","CPE","CVE","CWE","Vulnerability","Source","CVSSv2_Severity","CVSSv2_Score","CVSSv2","CVSSv3_BaseSeverity","CVSSv3_BaseScore","CVSSv3","CVSSv4_BaseSeverity","CVSSv4_BaseScore","CVSSv4","CPE Confidence","Evidence Count","VendorProject","Product","Name","DateAdded","ShortDescription","RequiredAction","DueDate","Notes"
SchemaSpy Maven Plugin,"Sat, 15 Feb 2025 11:33:38 GMT",derby-10.15.2.0.jar,/home/runner/.m2/repository/org/apache/derby/derby/10.15.2.0/derby-10.15.2.0.jar,"Contains the core Apache Derby database engine, which also includes the embedded JDBC driver.","",abff01351b19bc62a188bac08a8bb58b,b64da6681994f33ba5783ffae55cdb44885b9e70,pkg:maven/org.apache.derby/derby@10.15.2.0,cpe:2.3:a:apache:derby:10.15.2.0:*:*:*:*:*:*:*,CVE-2022-46337,CWE-74 Improper Neutralization of Special Elements in Output Used by a Downstream Component ('Injection'),"A cleverly devised username might bypass LDAP authentication checks. In  LDAP-authenticated Derby installations, this could let an attacker fill  up the disk by creating junk Derby databases. In LDAP-authenticated  Derby installations, this could also allow the attacker to execute  malware which was visible to and executable by the account which booted  the Derby server. In LDAP-protected databases which weren't also  protected by SQL GRANT/REVOKE authorization, this vulnerability could  also let an attacker view and corrupt sensitive data and run sensitive  database functions and procedures.  Mitigation:  Users should upgrade to Java 21 and Derby 10.17.1.0.  Alternatively, users who wish to remain on older Java versions should  build their own Derby distribution from one of the release families to  which the fix was backported: 10.16, 10.15, and 10.14. Those are the  releases which correspond, respectively, with Java LTS versions 17, 11,  and 8.",NVD,"","","",CRITICAL,9.8,CVSS:3.1/AV:N/AC:L/PR:N/UI:N/S:U/C:H/I:H/A:H/E:3.9/RC:R/MAV:A,"","","",HIGH,28,"","","","","","","",""
SchemaSpy Maven Plugin,"Sat, 15 Feb 2025 11:33:38 GMT",derbyshared-10.15.2.0.jar,/home/runner/.m2/repository/org/apache/derby/derbyshared/10.15.2.0/derbyshared-10.15.2.0.jar,The code which is shared across all Derby configurations.,"",2cb9ab8b9cfb06c2da5a1d3825d04344,ff2dfb3e2a92d593cf111baad242d156947abbc1,pkg:maven/org.apache.derby/derbyshared@10.15.2.0,cpe:2.3:a:apache:derby:10.15.2.0:*:*:*:*:*:*:*,CVE-2022-46337,CWE-74 Improper Neutralization of Special Elements in Output Used by a Downstream Component ('Injection'),"A cleverly devised username might bypass LDAP authentication checks. In  LDAP-authenticated Derby installations, this could let an attacker fill  up the disk by creating junk Derby databases. In LDAP-authenticated  Derby installations, this could also allow the attacker to execute  malware which was visible to and executable by the account which booted  the Derby server. In LDAP-protected databases which weren't also  protected by SQL GRANT/REVOKE authorization, this vulnerability could  also let an attacker view and corrupt sensitive data and run sensitive  database functions and procedures.  Mitigation:  Users should upgrade to Java 21 and Derby 10.17.1.0.  Alternatively, users who wish to remain on older Java versions should  build their own Derby distribution from one of the release families to  which the fix was backported: 10.16, 10.15, and 10.14. Those are the  releases which correspond, respectively, with Java LTS versions 17, 11,  and 8.",NVD,"","","",CRITICAL,9.8,CVSS:3.1/AV:N/AC:L/PR:N/UI:N/S:U/C:H/I:H/A:H/E:3.9/RC:R/MAV:A,"","","",HIGH,27,"","","","","","","",""
SchemaSpy Maven Plugin,"Sat, 15 Feb 2025 11:33:38 GMT",derbytools-10.15.2.0.jar,/home/runner/.m2/repository/org/apache/derby/derbytools/10.15.2.0/derbytools-10.15.2.0.jar,"Contains Apache Derby tools like ij, sysinfo, and dblook.","",d41578eeb336b0e479be8f30bfd9ab9b,d63722381e0e893d797e4d531e219e2917898364,pkg:maven/org.apache.derby/derbytools@10.15.2.0,cpe:2.3:a:apache:derby:10.15.2.0:*:*:*:*:*:*:*,CVE-2022-46337,CWE-74 Improper Neutralization of Special Elements in Output Used by a Downstream Component ('Injection'),"A cleverly devised username might bypass LDAP authentication checks. In  LDAP-authenticated Derby installations, this could let an attacker fill  up the disk by creating junk Derby databases. In LDAP-authenticated  Derby installations, this could also allow the attacker to execute  malware which was visible to and executable by the account which booted  the Derby server. In LDAP-protected databases which weren't also  protected by SQL GRANT/REVOKE authorization, this vulnerability could  also let an attacker view and corrupt sensitive data and run sensitive  database functions and procedures.  Mitigation:  Users should upgrade to Java 21 and Derby 10.17.1.0.  Alternatively, users who wish to remain on older Java versions should  build their own Derby distribution from one of the release families to  which the fix was backported: 10.16, 10.15, and 10.14. Those are the  releases which correspond, respectively, with Java LTS versions 17, 11,  and 8.",NVD,"","","",CRITICAL,9.8,CVSS:3.1/AV:N/AC:L/PR:N/UI:N/S:U/C:H/I:H/A:H/E:3.9/RC:R/MAV:A,"","","",HIGH,33,"","","","","","","",""
SchemaSpy Maven Plugin,"Sat, 15 Feb 2025 11:33:38 GMT",json-20230227.jar,/home/runner/.m2/repository/org/json/json/20230227/json-20230227.jar,"JSON is a light-weight, language independent, data interchange format.         See http://www.JSON.org/          The files in this package implement JSON encoders/decoders in Java.         It also includes the capability to convert between JSON and XML, HTTP         headers, Cookies, and CDL.          This is a reference implementation. There is a large number of JSON packages         in Java. Perhaps someday the Java community will standardize on one. Until         then, choose carefully.",Public Domain: https://github.com/stleary/JSON-java/blob/master/LICENSE,6b9a69b21979b0c3cb5733db19ea51b1,7a0d4aca76513d8ce81f9b044ce8126b84809ad8,pkg:maven/org.json/json@20230227,cpe:2.3:a:json-java_project:json-java:20230227:*:*:*:*:*:*:*,CVE-2023-5072,CWE-770 Allocation of Resources Without Limits or Throttling,Denial of Service  in JSON-Java versions up to and including 20230618.  A bug in the parser means that an input string of modest size can lead to indefinite amounts of memory being used.,NVD,"","","",HIGH,7.5,CVSS:3.1/AV:N/AC:L/PR:N/UI:N/S:U/C:N/I:N/A:H/E:3.9/RC:R/MAV:A,"","","",HIGH,30,"","","","","","","",""
SchemaSpy Maven Plugin,"Sat, 15 Feb 2025 11:33:38 GMT",log4j-api-2.12.1.jar,/home/runner/.m2/repository/org/apache/logging/log4j/log4j-api/2.12.1/log4j-api-2.12.1.jar,The Apache Log4j API,https://www.apache.org/licenses/LICENSE-2.0.txt,4a6f276d4fb426c8d489343c0325bb75,a55e6d987f50a515c9260b0451b4fa217dc539cb,pkg:maven/org.apache.logging.log4j/log4j-api@2.12.1,cpe:2.3:a:apache:log4j:2.12.1:*:*:*:*:*:*:*,CVE-2020-9488,CWE-295 Improper Certificate Validation,Improper validation of certificate with host mismatch in Apache Log4j SMTP appender. This could allow an SMTPS connection to be intercepted by a man-in-the-middle attack which could leak any log messages sent through that appender. Fixed in Apache Log4j 2.12.3 and 2.13.1,NVD,MEDIUM,4.3,/AV:N/AC:M/Au:N/C:P/I:N/A:N,LOW,3.7,CVSS:3.1/AV:N/AC:H/PR:N/UI:N/S:U/C:L/I:N/A:N/E:2.2/RC:R/MAV:A,"","","",HIGH,42,"","","","","","","",""
SchemaSpy Maven Plugin,"Sat, 15 Feb 2025 11:33:38 GMT",logback-classic-1.2.3.jar,/home/runner/.m2/repository/ch/qos/logback/logback-classic/1.2.3/logback-classic-1.2.3.jar,logback-classic module,"http://www.eclipse.org/legal/epl-v10.html, http://www.gnu.org/licenses/old-licenses/lgpl-2.1.html",64f7a68f931aed8e5ad8243470440f0b,7c4f3c474fb2c041d8028740440937705ebb473a,pkg:maven/ch.qos.logback/logback-classic@1.2.3,cpe:2.3:a:qos:logback:1.2.3:*:*:*:*:*:*:*,CVE-2023-6378,CWE-502 Deserialization of Untrusted Data,A serialization vulnerability in logback receiver component part of  logback version 1.4.11 allows an attacker to mount a Denial-Of-Service  attack by sending poisoned data.,NVD,"","","",HIGH,7.5,CVSS:3.1/AV:N/AC:L/PR:N/UI:N/S:U/C:N/I:N/A:H/E:3.9/RC:R/MAV:A,"","","",HIGH,31,"","","","","","","",""
SchemaSpy Maven Plugin,"Sat, 15 Feb 2025 11:33:38 GMT",logback-classic-1.2.3.jar,/home/runner/.m2/repository/ch/qos/logback/logback-classic/1.2.3/logback-classic-1.2.3.jar,logback-classic module,"http://www.eclipse.org/legal/epl-v10.html, http://www.gnu.org/licenses/old-licenses/lgpl-2.1.html",64f7a68f931aed8e5ad8243470440f0b,7c4f3c474fb2c041d8028740440937705ebb473a,pkg:maven/ch.qos.logback/logback-classic@1.2.3,cpe:2.3:a:qos:logback:1.2.3:*:*:*:*:*:*:*,CVE-2021-42550,CWE-502 Deserialization of Untrusted Data,"In logback version 1.2.7 and prior versions, an attacker with the required privileges to edit configurations files could craft a malicious configuration allowing to execute arbitrary code loaded from LDAP servers.",NVD,HIGH,8.5,/AV:N/AC:M/Au:S/C:C/I:C/A:C,MEDIUM,6.6,CVSS:3.1/AV:N/AC:H/PR:H/UI:N/S:U/C:H/I:H/A:H/E:0.7/RC:R/MAV:A,"","","",HIGH,31,"","","","","","","",""
SchemaSpy Maven Plugin,"Sat, 15 Feb 2025 11:33:38 GMT",logback-core-1.2.3.jar,/home/runner/.m2/repository/ch/qos/logback/logback-core/1.2.3/logback-core-1.2.3.jar,logback-core module,"http://www.eclipse.org/legal/epl-v10.html, http://www.gnu.org/licenses/old-licenses/lgpl-2.1.html",841fc80c6edff60d947a3872a2db4d45,864344400c3d4d92dfeb0a305dc87d953677c03c,pkg:maven/ch.qos.logback/logback-core@1.2.3,cpe:2.3:a:qos:logback:1.2.3:*:*:*:*:*:*:*,CVE-2023-6378,CWE-502 Deserialization of Untrusted Data,A serialization vulnerability in logback receiver component part of  logback version 1.4.11 allows an attacker to mount a Denial-Of-Service  attack by sending poisoned data.,NVD,"","","",HIGH,7.5,CVSS:3.1/AV:N/AC:L/PR:N/UI:N/S:U/C:N/I:N/A:H/E:3.9/RC:R/MAV:A,"","","",HIGH,31,"","","","","","","",""
SchemaSpy Maven Plugin,"Sat, 15 Feb 2025 11:33:38 GMT",logback-core-1.2.3.jar,/home/runner/.m2/repository/ch/qos/logback/logback-core/1.2.3/logback-core-1.2.3.jar,logback-core module,"http://www.eclipse.org/legal/epl-v10.html, http://www.gnu.org/licenses/old-licenses/lgpl-2.1.html",841fc80c6edff60d947a3872a2db4d45,864344400c3d4d92dfeb0a305dc87d953677c03c,pkg:maven/ch.qos.logback/logback-core@1.2.3,cpe:2.3:a:qos:logback:1.2.3:*:*:*:*:*:*:*,CVE-2021-42550,CWE-502 Deserialization of Untrusted Data,"In logback version 1.2.7 and prior versions, an attacker with the required privileges to edit configurations files could craft a malicious configuration allowing to execute arbitrary code loaded from LDAP servers.",NVD,HIGH,8.5,/AV:N/AC:M/Au:S/C:C/I:C/A:C,MEDIUM,6.6,CVSS:3.1/AV:N/AC:H/PR:H/UI:N/S:U/C:H/I:H/A:H/E:0.7/RC:R/MAV:A,"","","",HIGH,31,"","","","","","","",""
SchemaSpy Maven Plugin,"Sat, 15 Feb 2025 11:33:38 GMT",logback-core-1.2.3.jar,/home/runner/.m2/repository/ch/qos/logback/logback-core/1.2.3/logback-core-1.2.3.jar,logback-core module,"http://www.eclipse.org/legal/epl-v10.html, http://www.gnu.org/licenses/old-licenses/lgpl-2.1.html",841fc80c6edff60d947a3872a2db4d45,864344400c3d4d92dfeb0a305dc87d953677c03c,pkg:maven/ch.qos.logback/logback-core@1.2.3,cpe:2.3:a:qos:logback:1.2.3:*:*:*:*:*:*:*,CVE-2024-12798,CWE-917 Improper Neutralization of Special Elements used in an Expression Language Statement ('Expression Language Injection'),"ACE vulnerability in JaninoEventEvaluator  by QOS.CH logback-core       upto including version 0.1 to 1.3.14 and 1.4.0 to 1.5.12 in Java applications allows       attacker to execute arbitrary code by compromising an existing       logback configuration file or by injecting an environment variable       before program execution.      Malicious logback configuration files can allow the attacker to execute  arbitrary code using the JaninoEventEvaluator extension.    A successful attack requires the user to have write access to a  configuration file. Alternatively, the attacker could inject a malicious  environment variable pointing to a malicious configuration file. In both  cases, the attack requires existing privilege.",OSSINDEX,MEDIUM,5.900000095367432,CVSS:4.0/AV:L/AC:L/AT:P/PR:L/UI:P/VC:L/VI:H/VA:L/SC:L/SI:H/SA:L,"","","","","","",HIGH,31,"","","","","","","",""
SchemaSpy Maven Plugin,"Sat, 15 Feb 2025 11:33:38 GMT",logback-core-1.2.3.jar,/home/runner/.m2/repository/ch/qos/logback/logback-core/1.2.3/logback-core-1.2.3.jar,logback-core module,"http://www.eclipse.org/legal/epl-v10.html, http://www.gnu.org/licenses/old-licenses/lgpl-2.1.html",841fc80c6edff60d947a3872a2db4d45,864344400c3d4d92dfeb0a305dc87d953677c03c,pkg:maven/ch.qos.logback/logback-core@1.2.3,cpe:2.3:a:qos:logback:1.2.3:*:*:*:*:*:*:*,CVE-2024-12801,CWE-918 Server-Side Request Forgery (SSRF),"Server-Side Request Forgery (SSRF) in SaxEventRecorder by QOS.CH logback version 0.1 to 1.3.14 and 1.4.0 to 1.5.12  on the Java platform, allows an attacker to  forge requests by compromising logback configuration files in XML.    The attacks involves the modification of DOCTYPE declaration in  XML configuration files.  Sonatype's research suggests that this CVE's details differ from those defined at NVD. See https://ossindex.sonatype.org/vulnerability/CVE-2024-12801 for details",OSSINDEX,LOW,2.4000000953674316,CVSS:4.0/AV:L/AC:L/AT:P/PR:L/UI:P/VC:L/VI:N/VA:L/SC:H/SI:H/SA:H,"","","","","","",HIGH,31,"","","","","","","",""
SchemaSpy Maven Plugin,"Sat, 15 Feb 2025 11:33:38 GMT",plexus-archiver-2.2.jar,/home/runner/.m2/repository/org/codehaus/plexus/plexus-archiver/2.2/plexus-archiver-2.2.jar,"","",61dd3bbc4682a29a286baa58f9c7f859,13e55f4c2b7cdbf59a9bbd668d3c058d1a40664b,pkg:maven/org.codehaus.plexus/plexus-archiver@2.2,cpe:2.3:a:codehaus-plexus:plexus-archiver:2.2:*:*:*:*:*:*:*,CVE-2023-37460,"CWE-22 Improper Limitation of a Pathname to a Restricted Directory ('Path Traversal'), CWE-61 UNIX Symbolic Link (Symlink) Following","Plexis Archiver is a collection of Plexus components to create archives or extract archives to a directory with a unified `Archiver`/`UnArchiver` API. Prior to version 4.8.0, using AbstractUnArchiver for extracting an archive might lead to an arbitrary file creation and possibly remote code execution. When extracting an archive with an entry that already exists in the destination directory as a symbolic link whose target does not exist - the `resolveFile()` function will return the symlink's source instead of its target, which will pass the verification that ensures the file will not be extracted outside of the destination directory. Later `Files.newOutputStream()`, that follows symlinks by default,  will actually write the entry's content to the symlink's target. Whoever uses plexus archiver to extract an untrusted archive is vulnerable to an arbitrary file creation and possibly remote code execution. Version 4.8.0 contains a patch for this issue.",NVD,"","","",CRITICAL,9.8,CVSS:3.1/AV:N/AC:L/PR:N/UI:N/S:U/C:H/I:H/A:H/E:3.9/RC:R/MAV:A,"","","",HIGH,25,"","","","","","","",""
SchemaSpy Maven Plugin,"Sat, 15 Feb 2025 11:33:38 GMT",plexus-archiver-2.2.jar,/home/runner/.m2/repository/org/codehaus/plexus/plexus-archiver/2.2/plexus-archiver-2.2.jar,"","",61dd3bbc4682a29a286baa58f9c7f859,13e55f4c2b7cdbf59a9bbd668d3c058d1a40664b,pkg:maven/org.codehaus.plexus/plexus-archiver@2.2,cpe:2.3:a:codehaus-plexus:plexus-archiver:2.2:*:*:*:*:*:*:*,CVE-2018-1002200,CWE-22 Improper Limitation of a Pathname to a Restricted Directory ('Path Traversal'),"plexus-archiver before 3.6.0 is vulnerable to directory traversal, allowing attackers to write to arbitrary files via a ../ (dot dot slash) in an archive entry that is mishandled during extraction. This vulnerability is also known as 'Zip-Slip'.",NVD,MEDIUM,4.3,/AV:N/AC:M/Au:N/C:N/I:P/A:N,MEDIUM,5.5,CVSS:3.0/AV:L/AC:L/PR:N/UI:R/S:U/C:N/I:H/A:N/E:1.8/RC:R/MAV:A,"","","",HIGH,25,"","","","","","","",""
SchemaSpy Maven Plugin,"Sat, 15 Feb 2025 11:33:38 GMT",plexus-archiver-2.2.jar,/home/runner/.m2/repository/org/codehaus/plexus/plexus-archiver/2.2/plexus-archiver-2.2.jar,"","",61dd3bbc4682a29a286baa58f9c7f859,13e55f4c2b7cdbf59a9bbd668d3c058d1a40664b,pkg:maven/org.codehaus.plexus/plexus-archiver@2.2,cpe:2.3:a:codehaus-plexus:plexus-archiver:2.2:*:*:*:*:*:*:*,CVE-2012-2098,CWE-310 Cryptographic Issues,Algorithmic complexity vulnerability in the sorting algorithms in bzip2 compressing stream (BZip2CompressorOutputStream) in Apache Commons Compress before 1.4.1 allows remote attackers to cause a denial of service (CPU consumption) via a file with many repeating inputs.,OSSINDEX,MEDIUM,5.0,AV:N/AC:L/Au:N/C:N/I:N/A:P,"","","","","","",HIGH,25,"","","","","","","",""
SchemaSpy Maven Plugin,"Sat, 15 Feb 2025 11:33:38 GMT",schemaspy-6.2.4.jar: bootstrap.js,/home/runner/.m2/repository/org/schemaspy/schemaspy/6.2.4/schemaspy-6.2.4.jar/layout/bower/admin-lte/bootstrap/js/bootstrap.js,"","",fb81549ee2896513a1ed5714b1b1a0f0,3b965a36a6b08854ad6eddedf85c5319fd392b4a,pkg:javascript/bootstrap@3.3.7,"",CVE-2016-10735,CWE-79 Improper Neutralization of Input During Web Page Generation ('Cross-site Scripting'),"In Bootstrap 3.x before 3.4.0 and 4.x-beta before 4.0.0-beta.2, XSS is possible in the data-target attribute, a different vulnerability than CVE-2018-14041.",NVD,MEDIUM,4.3,/AV:N/AC:M/Au:N/C:N/I:P/A:N,MEDIUM,6.1,CVSS:3.0/AV:N/AC:L/PR:N/UI:R/S:C/C:L/I:L/A:N/E:2.8/RC:R/MAV:A,"","","",HIGHEST,3,"","","","","","","",""
SchemaSpy Maven Plugin,"Sat, 15 Feb 2025 11:33:38 GMT",schemaspy-6.2.4.jar: bootstrap.js,/home/runner/.m2/repository/org/schemaspy/schemaspy/6.2.4/schemaspy-6.2.4.jar/layout/bower/admin-lte/bootstrap/js/bootstrap.js,"","",fb81549ee2896513a1ed5714b1b1a0f0,3b965a36a6b08854ad6eddedf85c5319fd392b4a,pkg:javascript/bootstrap@3.3.7,"",CVE-2018-14041,CWE-79 Improper Neutralization of Input During Web Page Generation ('Cross-site Scripting'),"In Bootstrap before 4.1.2, XSS is possible in the data-target property of scrollspy.",NVD,MEDIUM,4.3,/AV:N/AC:M/Au:N/C:N/I:P/A:N,MEDIUM,6.1,CVSS:3.0/AV:N/AC:L/PR:N/UI:R/S:C/C:L/I:L/A:N/E:2.8/RC:R/MAV:A,"","","",HIGHEST,3,"","","","","","","",""
SchemaSpy Maven Plugin,"Sat, 15 Feb 2025 11:33:38 GMT",schemaspy-6.2.4.jar: bootstrap.js,/home/runner/.m2/repository/org/schemaspy/schemaspy/6.2.4/schemaspy-6.2.4.jar/layout/bower/admin-lte/bootstrap/js/bootstrap.js,"","",fb81549ee2896513a1ed5714b1b1a0f0,3b965a36a6b08854ad6eddedf85c5319fd392b4a,pkg:javascript/bootstrap@3.3.7,"",CVE-2018-14042,CWE-79 Improper Neutralization of Input During Web Page Generation ('Cross-site Scripting'),"In Bootstrap before 4.1.2, XSS is possible in the data-container property of tooltip.",NVD,MEDIUM,4.3,/AV:N/AC:M/Au:N/C:N/I:P/A:N,MEDIUM,6.1,CVSS:3.0/AV:N/AC:L/PR:N/UI:R/S:C/C:L/I:L/A:N/E:2.8/RC:R/MAV:A,"","","",HIGHEST,3,"","","","","","","",""
SchemaSpy Maven Plugin,"Sat, 15 Feb 2025 11:33:38 GMT",schemaspy-6.2.4.jar: bootstrap.js,/home/runner/.m2/repository/org/schemaspy/schemaspy/6.2.4/schemaspy-6.2.4.jar/layout/bower/admin-lte/bootstrap/js/bootstrap.js,"","",fb81549ee2896513a1ed5714b1b1a0f0,3b965a36a6b08854ad6eddedf85c5319fd392b4a,pkg:javascript/bootstrap@3.3.7,"",CVE-2018-20676,CWE-79 Improper Neutralization of Input During Web Page Generation ('Cross-site Scripting'),"In Bootstrap before 3.4.0, XSS is possible in the tooltip data-viewport attribute.",NVD,MEDIUM,4.3,/AV:N/AC:M/Au:N/C:N/I:P/A:N,MEDIUM,6.1,CVSS:3.0/AV:N/AC:L/PR:N/UI:R/S:C/C:L/I:L/A:N/E:2.8/RC:R/MAV:A,"","","",HIGHEST,3,"","","","","","","",""
SchemaSpy Maven Plugin,"Sat, 15 Feb 2025 11:33:38 GMT",schemaspy-6.2.4.jar: bootstrap.js,/home/runner/.m2/repository/org/schemaspy/schemaspy/6.2.4/schemaspy-6.2.4.jar/layout/bower/admin-lte/bootstrap/js/bootstrap.js,"","",fb81549ee2896513a1ed5714b1b1a0f0,3b965a36a6b08854ad6eddedf85c5319fd392b4a,pkg:javascript/bootstrap@3.3.7,"",CVE-2018-20677,CWE-79 Improper Neutralization of Input During Web Page Generation ('Cross-site Scripting'),"In Bootstrap before 3.4.0, XSS is possible in the affix configuration target property.",NVD,MEDIUM,4.3,/AV:N/AC:M/Au:N/C:N/I:P/A:N,MEDIUM,6.1,CVSS:3.0/AV:N/AC:L/PR:N/UI:R/S:C/C:L/I:L/A:N/E:2.8/RC:R/MAV:A,"","","",HIGHEST,3,"","","","","","","",""
SchemaSpy Maven Plugin,"Sat, 15 Feb 2025 11:33:38 GMT",schemaspy-6.2.4.jar: bootstrap.js,/home/runner/.m2/repository/org/schemaspy/schemaspy/6.2.4/schemaspy-6.2.4.jar/layout/bower/admin-lte/bootstrap/js/bootstrap.js,"","",fb81549ee2896513a1ed5714b1b1a0f0,3b965a36a6b08854ad6eddedf85c5319fd392b4a,pkg:javascript/bootstrap@3.3.7,"",CVE-2019-8331,CWE-79 Improper Neutralization of Input During Web Page Generation ('Cross-site Scripting'),"In Bootstrap before 3.4.1 and 4.3.x before 4.3.1, XSS is possible in the tooltip or popover data-template attribute.",NVD,MEDIUM,4.3,/AV:N/AC:M/Au:N/C:N/I:P/A:N,MEDIUM,6.1,CVSS:3.1/AV:N/AC:L/PR:N/UI:R/S:C/C:L/I:L/A:N/E:2.8/RC:R/MAV:A,"","","",HIGHEST,3,"","","","","","","",""
SchemaSpy Maven Plugin,"Sat, 15 Feb 2025 11:33:38 GMT",schemaspy-6.2.4.jar: bootstrap.js,/home/runner/.m2/repository/org/schemaspy/schemaspy/6.2.4/schemaspy-6.2.4.jar/layout/bower/admin-lte/bootstrap/js/bootstrap.js,"","",fb81549ee2896513a1ed5714b1b1a0f0,3b965a36a6b08854ad6eddedf85c5319fd392b4a,pkg:javascript/bootstrap@3.3.7,"",CVE-2024-6484,CWE-79 Improper Neutralization of Input During Web Page Generation ('Cross-site Scripting'),"A vulnerability has been identified in Bootstrap that exposes users to Cross-Site Scripting (XSS) attacks. The issue is present in the carousel component, where the data-slide and data-slide-to attributes can be exploited through the href attribute of an <a> tag due to inadequate sanitization. This vulnerability could potentially enable attackers to execute arbitrary JavaScript within the victim's browser.",NVD,"","","",MEDIUM,6.1,CVSS:3.1/AV:N/AC:L/PR:N/UI:R/S:C/C:L/I:L/A:N/E:2.8/RC:R/MAV:A,"","","",HIGHEST,3,"","","","","","","",""
SchemaSpy Maven Plugin,"Sat, 15 Feb 2025 11:33:38 GMT",schemaspy-6.2.4.jar: bootstrap.js,/home/runner/.m2/repository/org/schemaspy/schemaspy/6.2.4/schemaspy-6.2.4.jar/layout/bower/admin-lte/bootstrap/js/bootstrap.js,"","",fb81549ee2896513a1ed5714b1b1a0f0,3b965a36a6b08854ad6eddedf85c5319fd392b4a,pkg:javascript/bootstrap@3.3.7,"",CVE-2024-6485,"","",RETIREJS,"","","","","","","","","",HIGHEST,3,"","","","","","","",""
SchemaSpy Maven Plugin,"Sat, 15 Feb 2025 11:33:38 GMT",schemaspy-6.2.4.jar: bootstrap.js,/home/runner/.m2/repository/org/schemaspy/schemaspy/6.2.4/schemaspy-6.2.4.jar/layout/bower/admin-lte/bootstrap/js/bootstrap.js,"","",fb81549ee2896513a1ed5714b1b1a0f0,3b965a36a6b08854ad6eddedf85c5319fd392b4a,pkg:javascript/bootstrap@3.3.7,"",Bootstrap before 4.0.0 is end-of-life and no longer maintained.,"",Bootstrap before 4.0.0 is end-of-life and no longer maintained.,RETIREJS,"","","","","","","","","",HIGHEST,3,"","","","","","","",""
SchemaSpy Maven Plugin,"Sat, 15 Feb 2025 11:33:38 GMT",schemaspy-6.2.4.jar: bootstrap.min.js,/home/runner/.m2/repository/org/schemaspy/schemaspy/6.2.4/schemaspy-6.2.4.jar/layout/bower/admin-lte/bootstrap/js/bootstrap.min.js,"","",5869c96cc8f19086aee625d670d741f9,430a443d74830fe9be26efca431f448c1b3740f9,pkg:javascript/bootstrap@3.3.7,"",CVE-2016-10735,CWE-79 Improper Neutralization of Input During Web Page Generation ('Cross-site Scripting'),"In Bootstrap 3.x before 3.4.0 and 4.x-beta before 4.0.0-beta.2, XSS is possible in the data-target attribute, a different vulnerability than CVE-2018-14041.",NVD,MEDIUM,4.3,/AV:N/AC:M/Au:N/C:N/I:P/A:N,MEDIUM,6.1,CVSS:3.0/AV:N/AC:L/PR:N/UI:R/S:C/C:L/I:L/A:N/E:2.8/RC:R/MAV:A,"","","",HIGHEST,3,"","","","","","","",""
SchemaSpy Maven Plugin,"Sat, 15 Feb 2025 11:33:38 GMT",schemaspy-6.2.4.jar: bootstrap.min.js,/home/runner/.m2/repository/org/schemaspy/schemaspy/6.2.4/schemaspy-6.2.4.jar/layout/bower/admin-lte/bootstrap/js/bootstrap.min.js,"","",5869c96cc8f19086aee625d670d741f9,430a443d74830fe9be26efca431f448c1b3740f9,pkg:javascript/bootstrap@3.3.7,"",CVE-2018-14041,CWE-79 Improper Neutralization of Input During Web Page Generation ('Cross-site Scripting'),"In Bootstrap before 4.1.2, XSS is possible in the data-target property of scrollspy.",NVD,MEDIUM,4.3,/AV:N/AC:M/Au:N/C:N/I:P/A:N,MEDIUM,6.1,CVSS:3.0/AV:N/AC:L/PR:N/UI:R/S:C/C:L/I:L/A:N/E:2.8/RC:R/MAV:A,"","","",HIGHEST,3,"","","","","","","",""
SchemaSpy Maven Plugin,"Sat, 15 Feb 2025 11:33:38 GMT",schemaspy-6.2.4.jar: bootstrap.min.js,/home/runner/.m2/repository/org/schemaspy/schemaspy/6.2.4/schemaspy-6.2.4.jar/layout/bower/admin-lte/bootstrap/js/bootstrap.min.js,"","",5869c96cc8f19086aee625d670d741f9,430a443d74830fe9be26efca431f448c1b3740f9,pkg:javascript/bootstrap@3.3.7,"",CVE-2018-14042,CWE-79 Improper Neutralization of Input During Web Page Generation ('Cross-site Scripting'),"In Bootstrap before 4.1.2, XSS is possible in the data-container property of tooltip.",NVD,MEDIUM,4.3,/AV:N/AC:M/Au:N/C:N/I:P/A:N,MEDIUM,6.1,CVSS:3.0/AV:N/AC:L/PR:N/UI:R/S:C/C:L/I:L/A:N/E:2.8/RC:R/MAV:A,"","","",HIGHEST,3,"","","","","","","",""
SchemaSpy Maven Plugin,"Sat, 15 Feb 2025 11:33:38 GMT",schemaspy-6.2.4.jar: bootstrap.min.js,/home/runner/.m2/repository/org/schemaspy/schemaspy/6.2.4/schemaspy-6.2.4.jar/layout/bower/admin-lte/bootstrap/js/bootstrap.min.js,"","",5869c96cc8f19086aee625d670d741f9,430a443d74830fe9be26efca431f448c1b3740f9,pkg:javascript/bootstrap@3.3.7,"",CVE-2018-20676,CWE-79 Improper Neutralization of Input During Web Page Generation ('Cross-site Scripting'),"In Bootstrap before 3.4.0, XSS is possible in the tooltip data-viewport attribute.",NVD,MEDIUM,4.3,/AV:N/AC:M/Au:N/C:N/I:P/A:N,MEDIUM,6.1,CVSS:3.0/AV:N/AC:L/PR:N/UI:R/S:C/C:L/I:L/A:N/E:2.8/RC:R/MAV:A,"","","",HIGHEST,3,"","","","","","","",""
SchemaSpy Maven Plugin,"Sat, 15 Feb 2025 11:33:38 GMT",schemaspy-6.2.4.jar: bootstrap.min.js,/home/runner/.m2/repository/org/schemaspy/schemaspy/6.2.4/schemaspy-6.2.4.jar/layout/bower/admin-lte/bootstrap/js/bootstrap.min.js,"","",5869c96cc8f19086aee625d670d741f9,430a443d74830fe9be26efca431f448c1b3740f9,pkg:javascript/bootstrap@3.3.7,"",CVE-2018-20677,CWE-79 Improper Neutralization of Input During Web Page Generation ('Cross-site Scripting'),"In Bootstrap before 3.4.0, XSS is possible in the affix configuration target property.",NVD,MEDIUM,4.3,/AV:N/AC:M/Au:N/C:N/I:P/A:N,MEDIUM,6.1,CVSS:3.0/AV:N/AC:L/PR:N/UI:R/S:C/C:L/I:L/A:N/E:2.8/RC:R/MAV:A,"","","",HIGHEST,3,"","","","","","","",""
SchemaSpy Maven Plugin,"Sat, 15 Feb 2025 11:33:38 GMT",schemaspy-6.2.4.jar: bootstrap.min.js,/home/runner/.m2/repository/org/schemaspy/schemaspy/6.2.4/schemaspy-6.2.4.jar/layout/bower/admin-lte/bootstrap/js/bootstrap.min.js,"","",5869c96cc8f19086aee625d670d741f9,430a443d74830fe9be26efca431f448c1b3740f9,pkg:javascript/bootstrap@3.3.7,"",CVE-2019-8331,CWE-79 Improper Neutralization of Input During Web Page Generation ('Cross-site Scripting'),"In Bootstrap before 3.4.1 and 4.3.x before 4.3.1, XSS is possible in the tooltip or popover data-template attribute.",NVD,MEDIUM,4.3,/AV:N/AC:M/Au:N/C:N/I:P/A:N,MEDIUM,6.1,CVSS:3.1/AV:N/AC:L/PR:N/UI:R/S:C/C:L/I:L/A:N/E:2.8/RC:R/MAV:A,"","","",HIGHEST,3,"","","","","","","",""
SchemaSpy Maven Plugin,"Sat, 15 Feb 2025 11:33:38 GMT",schemaspy-6.2.4.jar: bootstrap.min.js,/home/runner/.m2/repository/org/schemaspy/schemaspy/6.2.4/schemaspy-6.2.4.jar/layout/bower/admin-lte/bootstrap/js/bootstrap.min.js,"","",5869c96cc8f19086aee625d670d741f9,430a443d74830fe9be26efca431f448c1b3740f9,pkg:javascript/bootstrap@3.3.7,"",CVE-2024-6484,CWE-79 Improper Neutralization of Input During Web Page Generation ('Cross-site Scripting'),"A vulnerability has been identified in Bootstrap that exposes users to Cross-Site Scripting (XSS) attacks. The issue is present in the carousel component, where the data-slide and data-slide-to attributes can be exploited through the href attribute of an <a> tag due to inadequate sanitization. This vulnerability could potentially enable attackers to execute arbitrary JavaScript within the victim's browser.",NVD,"","","",MEDIUM,6.1,CVSS:3.1/AV:N/AC:L/PR:N/UI:R/S:C/C:L/I:L/A:N/E:2.8/RC:R/MAV:A,"","","",HIGHEST,3,"","","","","","","",""
SchemaSpy Maven Plugin,"Sat, 15 Feb 2025 11:33:38 GMT",schemaspy-6.2.4.jar: bootstrap.min.js,/home/runner/.m2/repository/org/schemaspy/schemaspy/6.2.4/schemaspy-6.2.4.jar/layout/bower/admin-lte/bootstrap/js/bootstrap.min.js,"","",5869c96cc8f19086aee625d670d741f9,430a443d74830fe9be26efca431f448c1b3740f9,pkg:javascript/bootstrap@3.3.7,"",CVE-2024-6485,"","",RETIREJS,"","","","","","","","","",HIGHEST,3,"","","","","","","",""
SchemaSpy Maven Plugin,"Sat, 15 Feb 2025 11:33:38 GMT",schemaspy-6.2.4.jar: bootstrap.min.js,/home/runner/.m2/repository/org/schemaspy/schemaspy/6.2.4/schemaspy-6.2.4.jar/layout/bower/admin-lte/bootstrap/js/bootstrap.min.js,"","",5869c96cc8f19086aee625d670d741f9,430a443d74830fe9be26efca431f448c1b3740f9,pkg:javascript/bootstrap@3.3.7,"",Bootstrap before 4.0.0 is end-of-life and no longer maintained.,"",Bootstrap before 4.0.0 is end-of-life and no longer maintained.,RETIREJS,"","","","","","","","","",HIGHEST,3,"","","","","","","",""
SchemaSpy Maven Plugin,"Sat, 15 Feb 2025 11:33:38 GMT",schemaspy-6.2.4.jar: jquery-2.2.3.min.js,/home/runner/.m2/repository/org/schemaspy/schemaspy/6.2.4/schemaspy-6.2.4.jar/layout/bower/admin-lte/plugins/jQuery/jquery-2.2.3.min.js,"","",33cabfa15c1060aaa3d207c653afb1ee,e3dbb65f2b541d842b50d37304b0102a2d5f2387,pkg:javascript/jquery@2.2.3.min,"",CVE-2015-9251,CWE-79 Improper Neutralization of Input During Web Page Generation ('Cross-site Scripting'),"jQuery before 3.0.0 is vulnerable to Cross-site Scripting (XSS) attacks when a cross-domain Ajax request is performed without the dataType option, causing text/javascript responses to be executed.",NVD,MEDIUM,4.3,/AV:N/AC:M/Au:N/C:N/I:P/A:N,MEDIUM,6.1,CVSS:3.0/AV:N/AC:L/PR:N/UI:R/S:C/C:L/I:L/A:N/E:2.8/RC:R/MAV:A,"","","",HIGHEST,3,"","","","","","","",""
SchemaSpy Maven Plugin,"Sat, 15 Feb 2025 11:33:38 GMT",schemaspy-6.2.4.jar: jquery-2.2.3.min.js,/home/runner/.m2/repository/org/schemaspy/schemaspy/6.2.4/schemaspy-6.2.4.jar/layout/bower/admin-lte/plugins/jQuery/jquery-2.2.3.min.js,"","",33cabfa15c1060aaa3d207c653afb1ee,e3dbb65f2b541d842b50d37304b0102a2d5f2387,pkg:javascript/jquery@2.2.3.min,"",CVE-2019-11358,CWE-1321 Improperly Controlled Modification of Object Prototype Attributes ('Prototype Pollution'),"jQuery before 3.4.0, as used in Drupal, Backdrop CMS, and other products, mishandles jQuery.extend(true, {}, ...) because of Object.prototype pollution. If an unsanitized source object contained an enumerable __proto__ property, it could extend the native Object.prototype.",NVD,MEDIUM,4.3,/AV:N/AC:M/Au:N/C:N/I:P/A:N,MEDIUM,6.1,CVSS:3.1/AV:N/AC:L/PR:N/UI:R/S:C/C:L/I:L/A:N/E:2.8/RC:R/MAV:A,"","","",HIGHEST,3,"","","","","","","",""
SchemaSpy Maven Plugin,"Sat, 15 Feb 2025 11:33:38 GMT",schemaspy-6.2.4.jar: jquery-2.2.3.min.js,/home/runner/.m2/repository/org/schemaspy/schemaspy/6.2.4/schemaspy-6.2.4.jar/layout/bower/admin-lte/plugins/jQuery/jquery-2.2.3.min.js,"","",33cabfa15c1060aaa3d207c653afb1ee,e3dbb65f2b541d842b50d37304b0102a2d5f2387,pkg:javascript/jquery@2.2.3.min,"",CVE-2020-11022,CWE-79 Improper Neutralization of Input During Web Page Generation ('Cross-site Scripting'),"In jQuery versions greater than or equal to 1.2 and before 3.5.0, passing HTML from untrusted sources - even after sanitizing it - to one of jQuery's DOM manipulation methods (i.e. .html(), .append(), and others) may execute untrusted code. This problem is patched in jQuery 3.5.0.",NVD,MEDIUM,4.3,/AV:N/AC:M/Au:N/C:N/I:P/A:N,MEDIUM,6.1,CVSS:3.1/AV:N/AC:L/PR:N/UI:R/S:C/C:L/I:L/A:N/E:2.8/RC:R/MAV:A,"","","",HIGHEST,3,"","","","","","","",""
SchemaSpy Maven Plugin,"Sat, 15 Feb 2025 11:33:38 GMT",schemaspy-6.2.4.jar: jquery-2.2.3.min.js,/home/runner/.m2/repository/org/schemaspy/schemaspy/6.2.4/schemaspy-6.2.4.jar/layout/bower/admin-lte/plugins/jQuery/jquery-2.2.3.min.js,"","",33cabfa15c1060aaa3d207c653afb1ee,e3dbb65f2b541d842b50d37304b0102a2d5f2387,pkg:javascript/jquery@2.2.3.min,"",CVE-2020-11023,CWE-79 Improper Neutralization of Input During Web Page Generation ('Cross-site Scripting'),"In jQuery versions greater than or equal to 1.0.3 and before 3.5.0, passing HTML containing <option> elements from untrusted sources - even after sanitizing it - to one of jQuery's DOM manipulation methods (i.e. .html(), .append(), and others) may execute untrusted code. This problem is patched in jQuery 3.5.0.",NVD,MEDIUM,4.3,/AV:N/AC:M/Au:N/C:N/I:P/A:N,MEDIUM,6.1,CVSS:3.1/AV:N/AC:L/PR:N/UI:R/S:C/C:L/I:L/A:N/E:2.8/RC:R/MAV:A,"","","",HIGHEST,3,JQuery,JQuery,JQuery Cross-Site Scripting (XSS) Vulnerability,2025-01-23,"JQuery contains a persistent cross-site scripting (XSS) vulnerability. When passing maliciously formed, untrusted input enclosed in HTML tags, JQuery's DOM manipulators can execute untrusted code in the context of the user's browser.",Apply mitigations per vendor instructions or discontinue use of the product if mitigations are unavailable.,2025-02-13,https://blog.jquery.com/2020/04/10/jquery-3-5-0-released/ ; https://nvd.nist.gov/vuln/detail/CVE-2020-11023
SchemaSpy Maven Plugin,"Sat, 15 Feb 2025 11:33:38 GMT",schemaspy-6.2.4.jar: jquery-2.2.3.min.js,/home/runner/.m2/repository/org/schemaspy/schemaspy/6.2.4/schemaspy-6.2.4.jar/layout/bower/admin-lte/plugins/jQuery/jquery-2.2.3.min.js,"","",33cabfa15c1060aaa3d207c653afb1ee,e3dbb65f2b541d842b50d37304b0102a2d5f2387,pkg:javascript/jquery@2.2.3.min,"",jquery issue: 162,"",jQuery 1.x and 2.x are End-of-Life and no longer receiving security updates,RETIREJS,"","","","","","","","","",HIGHEST,3,"","","","","","","",""
SchemaSpy Maven Plugin,"Sat, 15 Feb 2025 11:33:38 GMT",schemaspy-6.2.4.jar: jquery-ui.js,/home/runner/.m2/repository/org/schemaspy/schemaspy/6.2.4/schemaspy-6.2.4.jar/layout/bower/admin-lte/plugins/jQueryUI/jquery-ui.js,"","",04a4db2983450a2970c459ba87b4210a,3efaf11e60ea8c541b6dc26f0ef09f195732587a,"pkg:javascript/jquery-ui-dialog@1.11.4, pkg:javascript/jquery-ui@1.11.4","",CVE-2016-7103,CWE-79 Improper Neutralization of Input During Web Page Generation ('Cross-site Scripting'),Cross-site scripting (XSS) vulnerability in jQuery UI before 1.12.0 might allow remote attackers to inject arbitrary web script or HTML via the closeText parameter of the dialog function.,NVD,MEDIUM,4.3,/AV:N/AC:M/Au:N/C:N/I:P/A:N,MEDIUM,6.1,CVSS:3.1/AV:N/AC:L/PR:N/UI:R/S:C/C:L/I:L/A:N/E:2.8/RC:R/MAV:A,"","","","HIGHEST, HIGHEST",5,"","","","","","","",""
SchemaSpy Maven Plugin,"Sat, 15 Feb 2025 11:33:38 GMT",schemaspy-6.2.4.jar: jquery-ui.js,/home/runner/.m2/repository/org/schemaspy/schemaspy/6.2.4/schemaspy-6.2.4.jar/layout/bower/admin-lte/plugins/jQueryUI/jquery-ui.js,"","",04a4db2983450a2970c459ba87b4210a,3efaf11e60ea8c541b6dc26f0ef09f195732587a,"pkg:javascript/jquery-ui-dialog@1.11.4, pkg:javascript/jquery-ui@1.11.4","",CVE-2021-41182,CWE-79 Improper Neutralization of Input During Web Page Generation ('Cross-site Scripting'),"jQuery-UI is the official jQuery user interface library. Prior to version 1.13.0, accepting the value of the `altField` option of the Datepicker widget from untrusted sources may execute untrusted code. The issue is fixed in jQuery UI 1.13.0. Any string value passed to the `altField` option is now treated as a CSS selector. A workaround is to not accept the value of the `altField` option from untrusted sources.",NVD,MEDIUM,4.3,/AV:N/AC:M/Au:N/C:N/I:P/A:N,MEDIUM,6.1,CVSS:3.1/AV:N/AC:L/PR:N/UI:R/S:C/C:L/I:L/A:N/E:2.8/RC:R/MAV:A,"","","","HIGHEST, HIGHEST",5,"","","","","","","",""
SchemaSpy Maven Plugin,"Sat, 15 Feb 2025 11:33:38 GMT",schemaspy-6.2.4.jar: jquery-ui.js,/home/runner/.m2/repository/org/schemaspy/schemaspy/6.2.4/schemaspy-6.2.4.jar/layout/bower/admin-lte/plugins/jQueryUI/jquery-ui.js,"","",04a4db2983450a2970c459ba87b4210a,3efaf11e60ea8c541b6dc26f0ef09f195732587a,"pkg:javascript/jquery-ui-dialog@1.11.4, pkg:javascript/jquery-ui@1.11.4","",CVE-2021-41183,CWE-79 Improper Neutralization of Input During Web Page Generation ('Cross-site Scripting'),"jQuery-UI is the official jQuery user interface library. Prior to version 1.13.0, accepting the value of various `*Text` options of the Datepicker widget from untrusted sources may execute untrusted code. The issue is fixed in jQuery UI 1.13.0. The values passed to various `*Text` options are now always treated as pure text, not HTML. A workaround is to not accept the value of the `*Text` options from untrusted sources.",NVD,MEDIUM,4.3,/AV:N/AC:M/Au:N/C:N/I:P/A:N,MEDIUM,6.1,CVSS:3.1/AV:N/AC:L/PR:N/UI:R/S:C/C:L/I:L/A:N/E:2.8/RC:R/MAV:A,"","","","HIGHEST, HIGHEST",5,"","","","","","","",""
SchemaSpy Maven Plugin,"Sat, 15 Feb 2025 11:33:38 GMT",schemaspy-6.2.4.jar: jquery-ui.js,/home/runner/.m2/repository/org/schemaspy/schemaspy/6.2.4/schemaspy-6.2.4.jar/layout/bower/admin-lte/plugins/jQueryUI/jquery-ui.js,"","",04a4db2983450a2970c459ba87b4210a,3efaf11e60ea8c541b6dc26f0ef09f195732587a,"pkg:javascript/jquery-ui-dialog@1.11.4, pkg:javascript/jquery-ui@1.11.4","",CVE-2021-41184,CWE-79 Improper Neutralization of Input During Web Page Generation ('Cross-site Scripting'),"jQuery-UI is the official jQuery user interface library. Prior to version 1.13.0, accepting the value of the `of` option of the `.position()` util from untrusted sources may execute untrusted code. The issue is fixed in jQuery UI 1.13.0. Any string value passed to the `of` option is now treated as a CSS selector. A workaround is to not accept the value of the `of` option from untrusted sources.",NVD,MEDIUM,4.3,/AV:N/AC:M/Au:N/C:N/I:P/A:N,MEDIUM,6.1,CVSS:3.1/AV:N/AC:L/PR:N/UI:R/S:C/C:L/I:L/A:N/E:2.8/RC:R/MAV:A,"","","","HIGHEST, HIGHEST",5,"","","","","","","",""
SchemaSpy Maven Plugin,"Sat, 15 Feb 2025 11:33:38 GMT",schemaspy-6.2.4.jar: jquery-ui.js,/home/runner/.m2/repository/org/schemaspy/schemaspy/6.2.4/schemaspy-6.2.4.jar/layout/bower/admin-lte/plugins/jQueryUI/jquery-ui.js,"","",04a4db2983450a2970c459ba87b4210a,3efaf11e60ea8c541b6dc26f0ef09f195732587a,"pkg:javascript/jquery-ui-dialog@1.11.4, pkg:javascript/jquery-ui@1.11.4","",CVE-2022-31160,CWE-79 Improper Neutralization of Input During Web Page Generation ('Cross-site Scripting'),"jQuery UI is a curated set of user interface interactions, effects, widgets, and themes built on top of jQuery. Versions prior to 1.13.2 are potentially vulnerable to cross-site scripting. Initializing a checkboxradio widget on an input enclosed within a label makes that parent label contents considered as the input label. Calling `.checkboxradio( ""refresh"" )` on such a widget and the initial HTML contained encoded HTML entities will make them erroneously get decoded. This can lead to potentially executing JavaScript code. The bug has been patched in jQuery UI 1.13.2. To remediate the issue, someone who can change the initial HTML can wrap all the non-input contents of the `label` in a `span`.",NVD,"","","",MEDIUM,6.1,CVSS:3.1/AV:N/AC:L/PR:N/UI:R/S:C/C:L/I:L/A:N/E:2.8/RC:R/MAV:A,"","","","HIGHEST, HIGHEST",5,"","","","","","","",""
SchemaSpy Maven Plugin,"Sat, 15 Feb 2025 11:33:38 GMT",schemaspy-6.2.4.jar: jquery-ui.min.js,/home/runner/.m2/repository/org/schemaspy/schemaspy/6.2.4/schemaspy-6.2.4.jar/layout/bower/admin-lte/plugins/jQueryUI/jquery-ui.min.js,"","",d935d506ae9c8dd9e0f96706fbb91f65,7f650ee30c6a4d3eea04032039b20ff72997559b,"pkg:javascript/jquery-ui-dialog@1.11.4, pkg:javascript/jquery-ui@1.11.4","",CVE-2016-7103,CWE-79 Improper Neutralization of Input During Web Page Generation ('Cross-site Scripting'),Cross-site scripting (XSS) vulnerability in jQuery UI before 1.12.0 might allow remote attackers to inject arbitrary web script or HTML via the closeText parameter of the dialog function.,NVD,MEDIUM,4.3,/AV:N/AC:M/Au:N/C:N/I:P/A:N,MEDIUM,6.1,CVSS:3.1/AV:N/AC:L/PR:N/UI:R/S:C/C:L/I:L/A:N/E:2.8/RC:R/MAV:A,"","","","HIGHEST, HIGHEST",5,"","","","","","","",""
SchemaSpy Maven Plugin,"Sat, 15 Feb 2025 11:33:38 GMT",schemaspy-6.2.4.jar: jquery-ui.min.js,/home/runner/.m2/repository/org/schemaspy/schemaspy/6.2.4/schemaspy-6.2.4.jar/layout/bower/admin-lte/plugins/jQueryUI/jquery-ui.min.js,"","",d935d506ae9c8dd9e0f96706fbb91f65,7f650ee30c6a4d3eea04032039b20ff72997559b,"pkg:javascript/jquery-ui-dialog@1.11.4, pkg:javascript/jquery-ui@1.11.4","",CVE-2021-41182,CWE-79 Improper Neutralization of Input During Web Page Generation ('Cross-site Scripting'),"jQuery-UI is the official jQuery user interface library. Prior to version 1.13.0, accepting the value of the `altField` option of the Datepicker widget from untrusted sources may execute untrusted code. The issue is fixed in jQuery UI 1.13.0. Any string value passed to the `altField` option is now treated as a CSS selector. A workaround is to not accept the value of the `altField` option from untrusted sources.",NVD,MEDIUM,4.3,/AV:N/AC:M/Au:N/C:N/I:P/A:N,MEDIUM,6.1,CVSS:3.1/AV:N/AC:L/PR:N/UI:R/S:C/C:L/I:L/A:N/E:2.8/RC:R/MAV:A,"","","","HIGHEST, HIGHEST",5,"","","","","","","",""
SchemaSpy Maven Plugin,"Sat, 15 Feb 2025 11:33:38 GMT",schemaspy-6.2.4.jar: jquery-ui.min.js,/home/runner/.m2/repository/org/schemaspy/schemaspy/6.2.4/schemaspy-6.2.4.jar/layout/bower/admin-lte/plugins/jQueryUI/jquery-ui.min.js,"","",d935d506ae9c8dd9e0f96706fbb91f65,7f650ee30c6a4d3eea04032039b20ff72997559b,"pkg:javascript/jquery-ui-dialog@1.11.4, pkg:javascript/jquery-ui@1.11.4","",CVE-2021-41183,CWE-79 Improper Neutralization of Input During Web Page Generation ('Cross-site Scripting'),"jQuery-UI is the official jQuery user interface library. Prior to version 1.13.0, accepting the value of various `*Text` options of the Datepicker widget from untrusted sources may execute untrusted code. The issue is fixed in jQuery UI 1.13.0. The values passed to various `*Text` options are now always treated as pure text, not HTML. A workaround is to not accept the value of the `*Text` options from untrusted sources.",NVD,MEDIUM,4.3,/AV:N/AC:M/Au:N/C:N/I:P/A:N,MEDIUM,6.1,CVSS:3.1/AV:N/AC:L/PR:N/UI:R/S:C/C:L/I:L/A:N/E:2.8/RC:R/MAV:A,"","","","HIGHEST, HIGHEST",5,"","","","","","","",""
SchemaSpy Maven Plugin,"Sat, 15 Feb 2025 11:33:38 GMT",schemaspy-6.2.4.jar: jquery-ui.min.js,/home/runner/.m2/repository/org/schemaspy/schemaspy/6.2.4/schemaspy-6.2.4.jar/layout/bower/admin-lte/plugins/jQueryUI/jquery-ui.min.js,"","",d935d506ae9c8dd9e0f96706fbb91f65,7f650ee30c6a4d3eea04032039b20ff72997559b,"pkg:javascript/jquery-ui-dialog@1.11.4, pkg:javascript/jquery-ui@1.11.4","",CVE-2021-41184,CWE-79 Improper Neutralization of Input During Web Page Generation ('Cross-site Scripting'),"jQuery-UI is the official jQuery user interface library. Prior to version 1.13.0, accepting the value of the `of` option of the `.position()` util from untrusted sources may execute untrusted code. The issue is fixed in jQuery UI 1.13.0. Any string value passed to the `of` option is now treated as a CSS selector. A workaround is to not accept the value of the `of` option from untrusted sources.",NVD,MEDIUM,4.3,/AV:N/AC:M/Au:N/C:N/I:P/A:N,MEDIUM,6.1,CVSS:3.1/AV:N/AC:L/PR:N/UI:R/S:C/C:L/I:L/A:N/E:2.8/RC:R/MAV:A,"","","","HIGHEST, HIGHEST",5,"","","","","","","",""
SchemaSpy Maven Plugin,"Sat, 15 Feb 2025 11:33:38 GMT",schemaspy-6.2.4.jar: jquery-ui.min.js,/home/runner/.m2/repository/org/schemaspy/schemaspy/6.2.4/schemaspy-6.2.4.jar/layout/bower/admin-lte/plugins/jQueryUI/jquery-ui.min.js,"","",d935d506ae9c8dd9e0f96706fbb91f65,7f650ee30c6a4d3eea04032039b20ff72997559b,"pkg:javascript/jquery-ui-dialog@1.11.4, pkg:javascript/jquery-ui@1.11.4","",CVE-2022-31160,CWE-79 Improper Neutralization of Input During Web Page Generation ('Cross-site Scripting'),"jQuery UI is a curated set of user interface interactions, effects, widgets, and themes built on top of jQuery. Versions prior to 1.13.2 are potentially vulnerable to cross-site scripting. Initializing a checkboxradio widget on an input enclosed within a label makes that parent label contents considered as the input label. Calling `.checkboxradio( ""refresh"" )` on such a widget and the initial HTML contained encoded HTML entities will make them erroneously get decoded. This can lead to potentially executing JavaScript code. The bug has been patched in jQuery UI 1.13.2. To remediate the issue, someone who can change the initial HTML can wrap all the non-input contents of the `label` in a `span`.",NVD,"","","",MEDIUM,6.1,CVSS:3.1/AV:N/AC:L/PR:N/UI:R/S:C/C:L/I:L/A:N/E:2.8/RC:R/MAV:A,"","","","HIGHEST, HIGHEST",5,"","","","","","","",""
SchemaSpy Maven Plugin,"Sat, 15 Feb 2025 11:33:38 GMT",schemaspy-6.2.4.jar: jquery.dataTables.min.js,/home/runner/.m2/repository/org/schemaspy/schemaspy/6.2.4/schemaspy-6.2.4.jar/layout/bower/datatables.net/jquery.dataTables.min.js,"","",bcf14f55a3878cef5e522906ce13235b,588658fcd1f3acda0cd435dd583b1fe869d8f67b,pkg:javascript/jquery.datatables@1.10.15,"",CVE-2020-28458,CWE-1321 Improperly Controlled Modification of Object Prototype Attributes ('Prototype Pollution'),All versions of package datatables.net are vulnerable to Prototype Pollution due to an incomplete fix for https://snyk.io/vuln/SNYK-JS-DATATABLESNET-598806.,NVD,HIGH,7.5,/AV:N/AC:L/Au:N/C:P/I:P/A:P,HIGH,7.3,CVSS:3.1/AV:N/AC:L/PR:N/UI:N/S:U/C:L/I:L/A:L/E:3.9/RC:R/MAV:A,"","","",HIGHEST,3,"","","","","","","",""
SchemaSpy Maven Plugin,"Sat, 15 Feb 2025 11:33:38 GMT",schemaspy-6.2.4.jar: jquery.dataTables.min.js,/home/runner/.m2/repository/org/schemaspy/schemaspy/6.2.4/schemaspy-6.2.4.jar/layout/bower/datatables.net/jquery.dataTables.min.js,"","",bcf14f55a3878cef5e522906ce13235b,588658fcd1f3acda0cd435dd583b1fe869d8f67b,pkg:javascript/jquery.datatables@1.10.15,"",CVE-2021-23445,CWE-79 Improper Neutralization of Input During Web Page Generation ('Cross-site Scripting'),This affects the package datatables.net before 1.11.3. If an array is passed to the HTML escape entities function it would not have its contents escaped.,NVD,MEDIUM,4.3,/AV:N/AC:M/Au:N/C:N/I:P/A:N,MEDIUM,6.1,CVSS:3.1/AV:N/AC:L/PR:N/UI:R/S:C/C:L/I:L/A:N/E:2.8/RC:R/MAV:A,"","","",HIGHEST,3,"","","","","","","",""
SchemaSpy Maven Plugin,"Sat, 15 Feb 2025 11:33:38 GMT",schemaspy-6.2.4.jar: jquery.dataTables.min.js,/home/runner/.m2/repository/org/schemaspy/schemaspy/6.2.4/schemaspy-6.2.4.jar/layout/bower/datatables.net/jquery.dataTables.min.js,"","",bcf14f55a3878cef5e522906ce13235b,588658fcd1f3acda0cd435dd583b1fe869d8f67b,pkg:javascript/jquery.datatables@1.10.15,"",prototype pollution,"",prototype pollution,RETIREJS,"","","","","","","","","",HIGHEST,3,"","","","","","","",""
SchemaSpy Maven Plugin,"Sat, 15 Feb 2025 11:33:38 GMT",schemaspy-6.2.4.jar: jquery.dataTables.min.js,/home/runner/.m2/repository/org/schemaspy/schemaspy/6.2.4/schemaspy-6.2.4.jar/layout/bower/datatables.net/jquery.dataTables.min.js,"","",bcf14f55a3878cef5e522906ce13235b,588658fcd1f3acda0cd435dd583b1fe869d8f67b,pkg:javascript/jquery.datatables@1.10.15,"",possible XSS,"",possible XSS,RETIREJS,"","","","","","","","","",HIGHEST,3,"","","","","","","",""
SchemaSpy Maven Plugin,"Sat, 15 Feb 2025 11:33:38 GMT",schemaspy-6.2.4.jar: jquery.js,/home/runner/.m2/repository/org/schemaspy/schemaspy/6.2.4/schemaspy-6.2.4.jar/layout/bower/jquery/jquery.js,"","",09dd64a64ba840c31a812a3ca25eaeee,fd81582bf1b15e6747472df880ca822c362a97d1,pkg:javascript/jquery@3.2.1,"",CVE-2019-11358,CWE-1321 Improperly Controlled Modification of Object Prototype Attributes ('Prototype Pollution'),"jQuery before 3.4.0, as used in Drupal, Backdrop CMS, and other products, mishandles jQuery.extend(true, {}, ...) because of Object.prototype pollution. If an unsanitized source object contained an enumerable __proto__ property, it could extend the native Object.prototype.",NVD,MEDIUM,4.3,/AV:N/AC:M/Au:N/C:N/I:P/A:N,MEDIUM,6.1,CVSS:3.1/AV:N/AC:L/PR:N/UI:R/S:C/C:L/I:L/A:N/E:2.8/RC:R/MAV:A,"","","",HIGHEST,3,"","","","","","","",""
SchemaSpy Maven Plugin,"Sat, 15 Feb 2025 11:33:38 GMT",schemaspy-6.2.4.jar: jquery.js,/home/runner/.m2/repository/org/schemaspy/schemaspy/6.2.4/schemaspy-6.2.4.jar/layout/bower/jquery/jquery.js,"","",09dd64a64ba840c31a812a3ca25eaeee,fd81582bf1b15e6747472df880ca822c362a97d1,pkg:javascript/jquery@3.2.1,"",CVE-2020-11022,CWE-79 Improper Neutralization of Input During Web Page Generation ('Cross-site Scripting'),"In jQuery versions greater than or equal to 1.2 and before 3.5.0, passing HTML from untrusted sources - even after sanitizing it - to one of jQuery's DOM manipulation methods (i.e. .html(), .append(), and others) may execute untrusted code. This problem is patched in jQuery 3.5.0.",NVD,MEDIUM,4.3,/AV:N/AC:M/Au:N/C:N/I:P/A:N,MEDIUM,6.1,CVSS:3.1/AV:N/AC:L/PR:N/UI:R/S:C/C:L/I:L/A:N/E:2.8/RC:R/MAV:A,"","","",HIGHEST,3,"","","","","","","",""
SchemaSpy Maven Plugin,"Sat, 15 Feb 2025 11:33:38 GMT",schemaspy-6.2.4.jar: jquery.js,/home/runner/.m2/repository/org/schemaspy/schemaspy/6.2.4/schemaspy-6.2.4.jar/layout/bower/jquery/jquery.js,"","",09dd64a64ba840c31a812a3ca25eaeee,fd81582bf1b15e6747472df880ca822c362a97d1,pkg:javascript/jquery@3.2.1,"",CVE-2020-11023,CWE-79 Improper Neutralization of Input During Web Page Generation ('Cross-site Scripting'),"In jQuery versions greater than or equal to 1.0.3 and before 3.5.0, passing HTML containing <option> elements from untrusted sources - even after sanitizing it - to one of jQuery's DOM manipulation methods (i.e. .html(), .append(), and others) may execute untrusted code. This problem is patched in jQuery 3.5.0.",NVD,MEDIUM,4.3,/AV:N/AC:M/Au:N/C:N/I:P/A:N,MEDIUM,6.1,CVSS:3.1/AV:N/AC:L/PR:N/UI:R/S:C/C:L/I:L/A:N/E:2.8/RC:R/MAV:A,"","","",HIGHEST,3,JQuery,JQuery,JQuery Cross-Site Scripting (XSS) Vulnerability,2025-01-23,"JQuery contains a persistent cross-site scripting (XSS) vulnerability. When passing maliciously formed, untrusted input enclosed in HTML tags, JQuery's DOM manipulators can execute untrusted code in the context of the user's browser.",Apply mitigations per vendor instructions or discontinue use of the product if mitigations are unavailable.,2025-02-13,https://blog.jquery.com/2020/04/10/jquery-3-5-0-released/ ; https://nvd.nist.gov/vuln/detail/CVE-2020-11023
SchemaSpy Maven Plugin,"Sat, 15 Feb 2025 11:33:38 GMT",serializer-2.7.2.jar,/home/runner/.m2/repository/xalan/serializer/2.7.2/serializer-2.7.2.jar,"Serializer to write out XML, HTML etc. as a stream of characters from an input DOM or from input     SAX events.","",e8325763fd4235f174ab7b72ed815db1,24247f3bb052ee068971393bdb83e04512bb1c3c,pkg:maven/xalan/serializer@2.7.2,cpe:2.3:a:apache:xalan-java:2.7.2:*:*:*:*:*:*:*,CVE-2022-34169,CWE-681 Incorrect Conversion between Numeric Types,The Apache Xalan Java XSLT library is vulnerable to an integer truncation issue when processing malicious XSLT stylesheets. This can be used to corrupt Java class files generated by the internal XSLTC compiler and execute arbitrary Java bytecode. Users are recommended to update to version 2.7.3 or later. Note: Java runtimes (such as OpenJDK) include repackaged copies of Xalan.,NVD,"","","",HIGH,7.5,CVSS:3.1/AV:N/AC:L/PR:N/UI:N/S:U/C:N/I:H/A:N/E:3.9/RC:R/MAV:A,"","","",HIGH,32,"","","","","","","",""
SchemaSpy Maven Plugin,"Sat, 15 Feb 2025 11:33:38 GMT",snakeyaml-1.25.jar,/home/runner/.m2/repository/org/yaml/snakeyaml/1.25/snakeyaml-1.25.jar,YAML 1.1 parser and emitter for Java,"Apache License, Version 2.0: http://www.apache.org/licenses/LICENSE-2.0.txt",6f7d5b8f596047aae07a3bf6f23a0bf2,8b6e01ef661d8378ae6dd7b511a7f2a33fae1421,pkg:maven/org.yaml/snakeyaml@1.25,cpe:2.3:a:snakeyaml_project:snakeyaml:1.25:*:*:*:*:*:*:*,CVE-2022-1471,"CWE-502 Deserialization of Untrusted Data, CWE-20 Improper Input Validation",SnakeYaml's Constructor() class does not restrict types which can be instantiated during deserialization. Deserializing yaml content provided by an attacker can lead to remote code execution. We recommend using SnakeYaml's SafeConsturctor when parsing untrusted content to restrict deserialization. We recommend upgrading to version 2.0 and beyond.,NVD,"","","",CRITICAL,9.8,CVSS:3.1/AV:N/AC:L/PR:N/UI:N/S:U/C:H/I:H/A:H/E:3.9/RC:R/MAV:A,"","","",HIGH,44,"","","","","","","",""
SchemaSpy Maven Plugin,"Sat, 15 Feb 2025 11:33:38 GMT",snakeyaml-1.25.jar,/home/runner/.m2/repository/org/yaml/snakeyaml/1.25/snakeyaml-1.25.jar,YAML 1.1 parser and emitter for Java,"Apache License, Version 2.0: http://www.apache.org/licenses/LICENSE-2.0.txt",6f7d5b8f596047aae07a3bf6f23a0bf2,8b6e01ef661d8378ae6dd7b511a7f2a33fae1421,pkg:maven/org.yaml/snakeyaml@1.25,cpe:2.3:a:snakeyaml_project:snakeyaml:1.25:*:*:*:*:*:*:*,CVE-2017-18640,CWE-776 Improper Restriction of Recursive Entity References in DTDs ('XML Entity Expansion'),"The Alias feature in SnakeYAML before 1.26 allows entity expansion during a load operation, a related issue to CVE-2003-1564.",NVD,MEDIUM,5.0,/AV:N/AC:L/Au:N/C:N/I:N/A:P,HIGH,7.5,CVSS:3.1/AV:N/AC:L/PR:N/UI:N/S:U/C:N/I:N/A:H/E:3.9/RC:R/MAV:A,"","","",HIGH,44,"","","","","","","",""
SchemaSpy Maven Plugin,"Sat, 15 Feb 2025 11:33:38 GMT",snakeyaml-1.25.jar,/home/runner/.m2/repository/org/yaml/snakeyaml/1.25/snakeyaml-1.25.jar,YAML 1.1 parser and emitter for Java,"Apache License, Version 2.0: http://www.apache.org/licenses/LICENSE-2.0.txt",6f7d5b8f596047aae07a3bf6f23a0bf2,8b6e01ef661d8378ae6dd7b511a7f2a33fae1421,pkg:maven/org.yaml/snakeyaml@1.25,cpe:2.3:a:snakeyaml_project:snakeyaml:1.25:*:*:*:*:*:*:*,CVE-2022-25857,CWE-776 Improper Restriction of Recursive Entity References in DTDs ('XML Entity Expansion'),The package org.yaml:snakeyaml from 0 and before 1.31 are vulnerable to Denial of Service (DoS) due missing to nested depth limitation for collections.,NVD,"","","",HIGH,7.5,CVSS:3.1/AV:N/AC:L/PR:N/UI:N/S:U/C:N/I:N/A:H/E:3.9/RC:R/MAV:A,"","","",HIGH,44,"","","","","","","",""
SchemaSpy Maven Plugin,"Sat, 15 Feb 2025 11:33:38 GMT",snakeyaml-1.25.jar,/home/runner/.m2/repository/org/yaml/snakeyaml/1.25/snakeyaml-1.25.jar,YAML 1.1 parser and emitter for Java,"Apache License, Version 2.0: http://www.apache.org/licenses/LICENSE-2.0.txt",6f7d5b8f596047aae07a3bf6f23a0bf2,8b6e01ef661d8378ae6dd7b511a7f2a33fae1421,pkg:maven/org.yaml/snakeyaml@1.25,cpe:2.3:a:snakeyaml_project:snakeyaml:1.25:*:*:*:*:*:*:*,CVE-2022-38749,"CWE-787 Out-of-bounds Write, CWE-121 Stack-based Buffer Overflow","Using snakeYAML to parse untrusted YAML files may be vulnerable to Denial of Service attacks (DOS). If the parser is running on user supplied input, an attacker may supply content that causes the parser to crash by stackoverflow.",NVD,"","","",MEDIUM,6.5,CVSS:3.1/AV:N/AC:L/PR:L/UI:N/S:U/C:N/I:N/A:H/E:2.8/RC:R/MAV:A,"","","",HIGH,44,"","","","","","","",""
SchemaSpy Maven Plugin,"Sat, 15 Feb 2025 11:33:38 GMT",snakeyaml-1.25.jar,/home/runner/.m2/repository/org/yaml/snakeyaml/1.25/snakeyaml-1.25.jar,YAML 1.1 parser and emitter for Java,"Apache License, Version 2.0: http://www.apache.org/licenses/LICENSE-2.0.txt",6f7d5b8f596047aae07a3bf6f23a0bf2,8b6e01ef661d8378ae6dd7b511a7f2a33fae1421,pkg:maven/org.yaml/snakeyaml@1.25,cpe:2.3:a:snakeyaml_project:snakeyaml:1.25:*:*:*:*:*:*:*,CVE-2022-38751,"CWE-787 Out-of-bounds Write, CWE-121 Stack-based Buffer Overflow","Using snakeYAML to parse untrusted YAML files may be vulnerable to Denial of Service attacks (DOS). If the parser is running on user supplied input, an attacker may supply content that causes the parser to crash by stackoverflow.",NVD,"","","",MEDIUM,6.5,CVSS:3.1/AV:N/AC:L/PR:L/UI:N/S:U/C:N/I:N/A:H/E:2.8/RC:R/MAV:A,"","","",HIGH,44,"","","","","","","",""
SchemaSpy Maven Plugin,"Sat, 15 Feb 2025 11:33:38 GMT",snakeyaml-1.25.jar,/home/runner/.m2/repository/org/yaml/snakeyaml/1.25/snakeyaml-1.25.jar,YAML 1.1 parser and emitter for Java,"Apache License, Version 2.0: http://www.apache.org/licenses/LICENSE-2.0.txt",6f7d5b8f596047aae07a3bf6f23a0bf2,8b6e01ef661d8378ae6dd7b511a7f2a33fae1421,pkg:maven/org.yaml/snakeyaml@1.25,cpe:2.3:a:snakeyaml_project:snakeyaml:1.25:*:*:*:*:*:*:*,CVE-2022-38752,"CWE-787 Out-of-bounds Write, CWE-121 Stack-based Buffer Overflow","Using snakeYAML to parse untrusted YAML files may be vulnerable to Denial of Service attacks (DOS). If the parser is running on user supplied input, an attacker may supply content that causes the parser to crash by stack-overflow.",NVD,"","","",MEDIUM,6.5,CVSS:3.1/AV:N/AC:L/PR:L/UI:N/S:U/C:N/I:N/A:H/E:2.8/RC:R/MAV:A,"","","",HIGH,44,"","","","","","","",""
SchemaSpy Maven Plugin,"Sat, 15 Feb 2025 11:33:38 GMT",snakeyaml-1.25.jar,/home/runner/.m2/repository/org/yaml/snakeyaml/1.25/snakeyaml-1.25.jar,YAML 1.1 parser and emitter for Java,"Apache License, Version 2.0: http://www.apache.org/licenses/LICENSE-2.0.txt",6f7d5b8f596047aae07a3bf6f23a0bf2,8b6e01ef661d8378ae6dd7b511a7f2a33fae1421,pkg:maven/org.yaml/snakeyaml@1.25,cpe:2.3:a:snakeyaml_project:snakeyaml:1.25:*:*:*:*:*:*:*,CVE-2022-41854,"CWE-787 Out-of-bounds Write, CWE-121 Stack-based Buffer Overflow","Those using Snakeyaml to parse untrusted YAML files may be vulnerable to Denial of Service attacks (DOS). If the parser is running on user supplied input, an attacker may supply content that causes the parser to crash by stack overflow. This effect may support a denial of service attack.",NVD,"","","",MEDIUM,6.5,CVSS:3.1/AV:N/AC:L/PR:N/UI:R/S:U/C:N/I:N/A:H/E:2.8/RC:R/MAV:A,"","","",HIGH,44,"","","","","","","",""
SchemaSpy Maven Plugin,"Sat, 15 Feb 2025 11:33:38 GMT",snakeyaml-1.25.jar,/home/runner/.m2/repository/org/yaml/snakeyaml/1.25/snakeyaml-1.25.jar,YAML 1.1 parser and emitter for Java,"Apache License, Version 2.0: http://www.apache.org/licenses/LICENSE-2.0.txt",6f7d5b8f596047aae07a3bf6f23a0bf2,8b6e01ef661d8378ae6dd7b511a7f2a33fae1421,pkg:maven/org.yaml/snakeyaml@1.25,cpe:2.3:a:snakeyaml_project:snakeyaml:1.25:*:*:*:*:*:*:*,CVE-2022-38750,"CWE-787 Out-of-bounds Write, CWE-121 Stack-based Buffer Overflow","Using snakeYAML to parse untrusted YAML files may be vulnerable to Denial of Service attacks (DOS). If the parser is running on user supplied input, an attacker may supply content that causes the parser to crash by stackoverflow.",NVD,"","","",MEDIUM,5.5,CVSS:3.1/AV:L/AC:L/PR:N/UI:R/S:U/C:N/I:N/A:H/E:1.8/RC:R/MAV:A,"","","",HIGH,44,"","","","","","","",""
SchemaSpy Maven Plugin,"Sat, 15 Feb 2025 11:33:38 GMT",spring-boot-2.2.11.RELEASE.jar,/home/runner/.m2/repository/org/springframework/boot/spring-boot/2.2.11.RELEASE/spring-boot-2.2.11.RELEASE.jar,Spring Boot,"Apache License, Version 2.0: https://www.apache.org/licenses/LICENSE-2.0",24e210dc99417bc95e13224d7b8fd99e,d43c1477fbd25790b5592ba9de0576d018825be8,pkg:maven/org.springframework.boot/spring-boot@2.2.11.RELEASE,cpe:2.3:a:vmware:spring_boot:2.2.11:release:*:*:*:*:*:*,CVE-2023-20873,NVD-CWE-noinfo,"In Spring Boot versions 3.0.0 - 3.0.5, 2.7.0 - 2.7.10, and older unsupported versions, an application that is deployed to Cloud Foundry could be susceptible to a security bypass. Users of affected versions should apply the following mitigation: 3.0.x users should upgrade to 3.0.6+. 2.7.x users should upgrade to 2.7.11+. Users of older, unsupported versions should upgrade to 3.0.6+ or 2.7.11+.",NVD,"","","",CRITICAL,9.8,CVSS:3.1/AV:N/AC:L/PR:N/UI:N/S:U/C:H/I:H/A:H/E:3.9/RC:R/MAV:A,"","","",HIGH,39,"","","","","","","",""
SchemaSpy Maven Plugin,"Sat, 15 Feb 2025 11:33:38 GMT",spring-boot-2.2.11.RELEASE.jar,/home/runner/.m2/repository/org/springframework/boot/spring-boot/2.2.11.RELEASE/spring-boot-2.2.11.RELEASE.jar,Spring Boot,"Apache License, Version 2.0: https://www.apache.org/licenses/LICENSE-2.0",24e210dc99417bc95e13224d7b8fd99e,d43c1477fbd25790b5592ba9de0576d018825be8,pkg:maven/org.springframework.boot/spring-boot@2.2.11.RELEASE,cpe:2.3:a:vmware:spring_boot:2.2.11:release:*:*:*:*:*:*,CVE-2023-20883,CWE-400 Uncontrolled Resource Consumption,"In Spring Boot versions 3.0.0 - 3.0.6, 2.7.0 - 2.7.11, 2.6.0 - 2.6.14, 2.5.0 - 2.5.14 and older unsupported versions, there is potential for a denial-of-service (DoS) attack if Spring MVC is used together with a reverse proxy cache.",NVD,"","","",HIGH,7.5,CVSS:3.1/AV:N/AC:L/PR:N/UI:N/S:U/C:N/I:N/A:H/E:3.9/RC:R/MAV:A,"","","",HIGH,39,"","","","","","","",""
SchemaSpy Maven Plugin,"Sat, 15 Feb 2025 11:33:38 GMT",spring-core-5.2.10.RELEASE.jar,/home/runner/.m2/repository/org/springframework/spring-core/5.2.10.RELEASE/spring-core-5.2.10.RELEASE.jar,Spring Core,"Apache License, Version 2.0: https://www.apache.org/licenses/LICENSE-2.0",3d0d5f926f389f804716d8290e353604,29423e9f1d766eb4f4e3516211877f361fe3169f,pkg:maven/org.springframework/spring-core@5.2.10.RELEASE,"cpe:2.3:a:pivotal_software:spring_framework:5.2.10:release:*:*:*:*:*:*, cpe:2.3:a:springsource:spring_framework:5.2.10:release:*:*:*:*:*:*, cpe:2.3:a:vmware:spring_framework:5.2.10:release:*:*:*:*:*:*",CVE-2022-22965,CWE-94 Improper Control of Generation of Code ('Code Injection'),"A Spring MVC or Spring WebFlux application running on JDK 9+ may be vulnerable to remote code execution (RCE) via data binding. The specific exploit requires the application to run on Tomcat as a WAR deployment. If the application is deployed as a Spring Boot executable jar, i.e. the default, it is not vulnerable to the exploit. However, the nature of the vulnerability is more general, and there may be other ways to exploit it.",NVD,HIGH,7.5,/AV:N/AC:L/Au:N/C:P/I:P/A:P,CRITICAL,9.8,CVSS:3.1/AV:N/AC:L/PR:N/UI:N/S:U/C:H/I:H/A:H/E:3.9/RC:R/MAV:A,"","","",HIGH,36,VMware,Spring Framework,Spring Framework JDK 9+ Remote Code Execution Vulnerability,2022-04-04,Spring MVC or Spring WebFlux application running on JDK 9+ may be vulnerable to remote code execution (RCE) via data binding.,Apply updates per vendor instructions.,2022-04-25,https://nvd.nist.gov/vuln/detail/CVE-2022-22965
SchemaSpy Maven Plugin,"Sat, 15 Feb 2025 11:33:38 GMT",spring-core-5.2.10.RELEASE.jar,/home/runner/.m2/repository/org/springframework/spring-core/5.2.10.RELEASE/spring-core-5.2.10.RELEASE.jar,Spring Core,"Apache License, Version 2.0: https://www.apache.org/licenses/LICENSE-2.0",3d0d5f926f389f804716d8290e353604,29423e9f1d766eb4f4e3516211877f361fe3169f,pkg:maven/org.springframework/spring-core@5.2.10.RELEASE,"cpe:2.3:a:pivotal_software:spring_framework:5.2.10:release:*:*:*:*:*:*, cpe:2.3:a:springsource:spring_framework:5.2.10:release:*:*:*:*:*:*, cpe:2.3:a:vmware:spring_framework:5.2.10:release:*:*:*:*:*:*",CVE-2021-22118,"CWE-269 Improper Privilege Management, CWE-668 Exposure of Resource to Wrong Sphere","In Spring Framework, versions 5.2.x prior to 5.2.15 and versions 5.3.x prior to 5.3.7, a WebFlux application is vulnerable to a privilege escalation: by (re)creating the temporary storage directory, a locally authenticated malicious user can read or modify files that have been uploaded to the WebFlux application, or overwrite arbitrary files with multipart request data.",NVD,MEDIUM,4.6,/AV:L/AC:L/Au:N/C:P/I:P/A:P,HIGH,7.8,CVSS:3.1/AV:L/AC:L/PR:L/UI:N/S:U/C:H/I:H/A:H/E:1.8/RC:R/MAV:A,"","","",HIGH,36,"","","","","","","",""
SchemaSpy Maven Plugin,"Sat, 15 Feb 2025 11:33:38 GMT",spring-core-5.2.10.RELEASE.jar,/home/runner/.m2/repository/org/springframework/spring-core/5.2.10.RELEASE/spring-core-5.2.10.RELEASE.jar,Spring Core,"Apache License, Version 2.0: https://www.apache.org/licenses/LICENSE-2.0",3d0d5f926f389f804716d8290e353604,29423e9f1d766eb4f4e3516211877f361fe3169f,pkg:maven/org.springframework/spring-core@5.2.10.RELEASE,"cpe:2.3:a:pivotal_software:spring_framework:5.2.10:release:*:*:*:*:*:*, cpe:2.3:a:springsource:spring_framework:5.2.10:release:*:*:*:*:*:*, cpe:2.3:a:vmware:spring_framework:5.2.10:release:*:*:*:*:*:*",CVE-2022-22950,CWE-770 Allocation of Resources Without Limits or Throttling,"n Spring Framework versions 5.3.0 - 5.3.16 and older unsupported versions, it is possible for a user to provide a specially crafted SpEL expression that may cause a denial of service condition.",NVD,MEDIUM,4.0,/AV:N/AC:L/Au:S/C:N/I:N/A:P,MEDIUM,6.5,CVSS:3.1/AV:N/AC:L/PR:L/UI:N/S:U/C:N/I:N/A:H/E:2.8/RC:R/MAV:A,"","","",HIGH,36,"","","","","","","",""
SchemaSpy Maven Plugin,"Sat, 15 Feb 2025 11:33:38 GMT",spring-core-5.2.10.RELEASE.jar,/home/runner/.m2/repository/org/springframework/spring-core/5.2.10.RELEASE/spring-core-5.2.10.RELEASE.jar,Spring Core,"Apache License, Version 2.0: https://www.apache.org/licenses/LICENSE-2.0",3d0d5f926f389f804716d8290e353604,29423e9f1d766eb4f4e3516211877f361fe3169f,pkg:maven/org.springframework/spring-core@5.2.10.RELEASE,"cpe:2.3:a:pivotal_software:spring_framework:5.2.10:release:*:*:*:*:*:*, cpe:2.3:a:springsource:spring_framework:5.2.10:release:*:*:*:*:*:*, cpe:2.3:a:vmware:spring_framework:5.2.10:release:*:*:*:*:*:*",CVE-2022-22971,CWE-770 Allocation of Resources Without Limits or Throttling,"In spring framework versions prior to 5.3.20+ , 5.2.22+ and old unsupported versions, application with a STOMP over WebSocket endpoint is vulnerable to a denial of service attack by an authenticated user.",NVD,MEDIUM,4.0,/AV:N/AC:L/Au:S/C:N/I:N/A:P,MEDIUM,6.5,CVSS:3.1/AV:N/AC:L/PR:L/UI:N/S:U/C:N/I:N/A:H/E:2.8/RC:R/MAV:A,"","","",HIGH,36,"","","","","","","",""
SchemaSpy Maven Plugin,"Sat, 15 Feb 2025 11:33:38 GMT",spring-core-5.2.10.RELEASE.jar,/home/runner/.m2/repository/org/springframework/spring-core/5.2.10.RELEASE/spring-core-5.2.10.RELEASE.jar,Spring Core,"Apache License, Version 2.0: https://www.apache.org/licenses/LICENSE-2.0",3d0d5f926f389f804716d8290e353604,29423e9f1d766eb4f4e3516211877f361fe3169f,pkg:maven/org.springframework/spring-core@5.2.10.RELEASE,"cpe:2.3:a:pivotal_software:spring_framework:5.2.10:release:*:*:*:*:*:*, cpe:2.3:a:springsource:spring_framework:5.2.10:release:*:*:*:*:*:*, cpe:2.3:a:vmware:spring_framework:5.2.10:release:*:*:*:*:*:*",CVE-2023-20861,NVD-CWE-noinfo,"In Spring Framework versions 6.0.0 - 6.0.6, 5.3.0 - 5.3.25, 5.2.0.RELEASE - 5.2.22.RELEASE, and older unsupported versions, it is possible for a user to provide a specially crafted SpEL expression that may cause a denial-of-service (DoS) condition.",NVD,"","","",MEDIUM,6.5,CVSS:3.1/AV:N/AC:L/PR:L/UI:N/S:U/C:N/I:N/A:H/E:2.8/RC:R/MAV:A,"","","",HIGH,36,"","","","","","","",""
SchemaSpy Maven Plugin,"Sat, 15 Feb 2025 11:33:38 GMT",spring-core-5.2.10.RELEASE.jar,/home/runner/.m2/repository/org/springframework/spring-core/5.2.10.RELEASE/spring-core-5.2.10.RELEASE.jar,Spring Core,"Apache License, Version 2.0: https://www.apache.org/licenses/LICENSE-2.0",3d0d5f926f389f804716d8290e353604,29423e9f1d766eb4f4e3516211877f361fe3169f,pkg:maven/org.springframework/spring-core@5.2.10.RELEASE,"cpe:2.3:a:pivotal_software:spring_framework:5.2.10:release:*:*:*:*:*:*, cpe:2.3:a:springsource:spring_framework:5.2.10:release:*:*:*:*:*:*, cpe:2.3:a:vmware:spring_framework:5.2.10:release:*:*:*:*:*:*",CVE-2023-20863,"CWE-400 Uncontrolled Resource Consumption, CWE-917 Improper Neutralization of Special Elements used in an Expression Language Statement ('Expression Language Injection')","In spring framework versions prior to 5.2.24 release+ ,5.3.27+ and 6.0.8+ , it is possible for a user to provide a specially crafted SpEL expression that may cause a denial-of-service (DoS) condition.",NVD,"","","",MEDIUM,6.5,CVSS:3.1/AV:N/AC:L/PR:L/UI:N/S:U/C:N/I:N/A:H/E:2.8/RC:R/MAV:A,"","","",HIGH,36,"","","","","","","",""
SchemaSpy Maven Plugin,"Sat, 15 Feb 2025 11:33:38 GMT",spring-core-5.2.10.RELEASE.jar,/home/runner/.m2/repository/org/springframework/spring-core/5.2.10.RELEASE/spring-core-5.2.10.RELEASE.jar,Spring Core,"Apache License, Version 2.0: https://www.apache.org/licenses/LICENSE-2.0",3d0d5f926f389f804716d8290e353604,29423e9f1d766eb4f4e3516211877f361fe3169f,pkg:maven/org.springframework/spring-core@5.2.10.RELEASE,"cpe:2.3:a:pivotal_software:spring_framework:5.2.10:release:*:*:*:*:*:*, cpe:2.3:a:springsource:spring_framework:5.2.10:release:*:*:*:*:*:*, cpe:2.3:a:vmware:spring_framework:5.2.10:release:*:*:*:*:*:*",CVE-2022-22968,CWE-178 Improper Handling of Case Sensitivity,"In Spring Framework versions 5.3.0 - 5.3.18, 5.2.0 - 5.2.20, and older unsupported versions, the patterns for disallowedFields on a DataBinder are case sensitive which means a field is not effectively protected unless it is listed with both upper and lower case for the first character of the field, including upper and lower case for the first character of all nested fields within the property path.",NVD,MEDIUM,5.0,/AV:N/AC:L/Au:N/C:N/I:P/A:N,MEDIUM,5.3,CVSS:3.1/AV:N/AC:L/PR:N/UI:N/S:U/C:N/I:L/A:N/E:3.9/RC:R/MAV:A,"","","",HIGH,36,"","","","","","","",""
SchemaSpy Maven Plugin,"Sat, 15 Feb 2025 11:33:38 GMT",spring-core-5.2.10.RELEASE.jar,/home/runner/.m2/repository/org/springframework/spring-core/5.2.10.RELEASE/spring-core-5.2.10.RELEASE.jar,Spring Core,"Apache License, Version 2.0: https://www.apache.org/licenses/LICENSE-2.0",3d0d5f926f389f804716d8290e353604,29423e9f1d766eb4f4e3516211877f361fe3169f,pkg:maven/org.springframework/spring-core@5.2.10.RELEASE,"cpe:2.3:a:pivotal_software:spring_framework:5.2.10:release:*:*:*:*:*:*, cpe:2.3:a:springsource:spring_framework:5.2.10:release:*:*:*:*:*:*, cpe:2.3:a:vmware:spring_framework:5.2.10:release:*:*:*:*:*:*",CVE-2022-22970,CWE-770 Allocation of Resources Without Limits or Throttling,"In spring framework versions prior to 5.3.20+ , 5.2.22+ and old unsupported versions, applications that handle file uploads are vulnerable to DoS attack if they rely on data binding to set a MultipartFile or javax.servlet.Part to a field in a model object.",NVD,LOW,3.5,/AV:N/AC:M/Au:S/C:N/I:N/A:P,MEDIUM,5.3,CVSS:3.1/AV:N/AC:H/PR:L/UI:N/S:U/C:N/I:N/A:H/E:1.6/RC:R/MAV:A,"","","",HIGH,36,"","","","","","","",""
SchemaSpy Maven Plugin,"Sat, 15 Feb 2025 11:33:38 GMT",spring-core-5.2.10.RELEASE.jar,/home/runner/.m2/repository/org/springframework/spring-core/5.2.10.RELEASE/spring-core-5.2.10.RELEASE.jar,Spring Core,"Apache License, Version 2.0: https://www.apache.org/licenses/LICENSE-2.0",3d0d5f926f389f804716d8290e353604,29423e9f1d766eb4f4e3516211877f361fe3169f,pkg:maven/org.springframework/spring-core@5.2.10.RELEASE,"cpe:2.3:a:pivotal_software:spring_framework:5.2.10:release:*:*:*:*:*:*, cpe:2.3:a:springsource:spring_framework:5.2.10:release:*:*:*:*:*:*, cpe:2.3:a:vmware:spring_framework:5.2.10:release:*:*:*:*:*:*",CVE-2021-22060,NVD-CWE-noinfo,"In Spring Framework versions 5.3.0 - 5.3.13, 5.2.0 - 5.2.18, and older unsupported versions, it is possible for a user to provide malicious input to cause the insertion of additional log entries. This is a follow-up to CVE-2021-22096 that protects against additional types of input and in more places of the Spring Framework codebase.",NVD,MEDIUM,4.0,/AV:N/AC:L/Au:S/C:N/I:P/A:N,MEDIUM,4.3,CVSS:3.1/AV:N/AC:L/PR:L/UI:N/S:U/C:N/I:L/A:N/E:2.8/RC:R/MAV:A,"","","",HIGH,36,"","","","","","","",""
SchemaSpy Maven Plugin,"Sat, 15 Feb 2025 11:33:38 GMT",spring-core-5.2.10.RELEASE.jar,/home/runner/.m2/repository/org/springframework/spring-core/5.2.10.RELEASE/spring-core-5.2.10.RELEASE.jar,Spring Core,"Apache License, Version 2.0: https://www.apache.org/licenses/LICENSE-2.0",3d0d5f926f389f804716d8290e353604,29423e9f1d766eb4f4e3516211877f361fe3169f,pkg:maven/org.springframework/spring-core@5.2.10.RELEASE,"cpe:2.3:a:pivotal_software:spring_framework:5.2.10:release:*:*:*:*:*:*, cpe:2.3:a:springsource:spring_framework:5.2.10:release:*:*:*:*:*:*, cpe:2.3:a:vmware:spring_framework:5.2.10:release:*:*:*:*:*:*",CVE-2021-22096,"CWE-117 Improper Output Neutralization for Logs, NVD-CWE-Other","In Spring Framework versions 5.3.0 - 5.3.10, 5.2.0 - 5.2.17, and older unsupported versions, it is possible for a user to provide malicious input to cause the insertion of additional log entries.",NVD,MEDIUM,4.0,/AV:N/AC:L/Au:S/C:N/I:P/A:N,MEDIUM,4.3,CVSS:3.1/AV:N/AC:L/PR:L/UI:N/S:U/C:N/I:L/A:N/E:2.8/RC:R/MAV:A,"","","",HIGH,36,"","","","","","","",""
SchemaSpy Maven Plugin,"Sat, 15 Feb 2025 11:33:38 GMT",spring-expression-5.2.10.RELEASE.jar,/home/runner/.m2/repository/org/springframework/spring-expression/5.2.10.RELEASE/spring-expression-5.2.10.RELEASE.jar,Spring Expression Language (SpEL),"Apache License, Version 2.0: https://www.apache.org/licenses/LICENSE-2.0",b85609fa2ea8076be74131fb7eef33a7,4a863c13e8b263a1f867258b43443df7480702d1,pkg:maven/org.springframework/spring-expression@5.2.10.RELEASE,"cpe:2.3:a:pivotal_software:spring_framework:5.2.10:release:*:*:*:*:*:*, cpe:2.3:a:springsource:spring_framework:5.2.10:release:*:*:*:*:*:*, cpe:2.3:a:vmware:spring_framework:5.2.10:release:*:*:*:*:*:*",CVE-2022-22965,CWE-94 Improper Control of Generation of Code ('Code Injection'),"A Spring MVC or Spring WebFlux application running on JDK 9+ may be vulnerable to remote code execution (RCE) via data binding. The specific exploit requires the application to run on Tomcat as a WAR deployment. If the application is deployed as a Spring Boot executable jar, i.e. the default, it is not vulnerable to the exploit. However, the nature of the vulnerability is more general, and there may be other ways to exploit it.",NVD,HIGH,7.5,/AV:N/AC:L/Au:N/C:P/I:P/A:P,CRITICAL,9.8,CVSS:3.1/AV:N/AC:L/PR:N/UI:N/S:U/C:H/I:H/A:H/E:3.9/RC:R/MAV:A,"","","",HIGH,36,VMware,Spring Framework,Spring Framework JDK 9+ Remote Code Execution Vulnerability,2022-04-04,Spring MVC or Spring WebFlux application running on JDK 9+ may be vulnerable to remote code execution (RCE) via data binding.,Apply updates per vendor instructions.,2022-04-25,https://nvd.nist.gov/vuln/detail/CVE-2022-22965
SchemaSpy Maven Plugin,"Sat, 15 Feb 2025 11:33:38 GMT",spring-expression-5.2.10.RELEASE.jar,/home/runner/.m2/repository/org/springframework/spring-expression/5.2.10.RELEASE/spring-expression-5.2.10.RELEASE.jar,Spring Expression Language (SpEL),"Apache License, Version 2.0: https://www.apache.org/licenses/LICENSE-2.0",b85609fa2ea8076be74131fb7eef33a7,4a863c13e8b263a1f867258b43443df7480702d1,pkg:maven/org.springframework/spring-expression@5.2.10.RELEASE,"cpe:2.3:a:pivotal_software:spring_framework:5.2.10:release:*:*:*:*:*:*, cpe:2.3:a:springsource:spring_framework:5.2.10:release:*:*:*:*:*:*, cpe:2.3:a:vmware:spring_framework:5.2.10:release:*:*:*:*:*:*",CVE-2021-22118,"CWE-269 Improper Privilege Management, CWE-668 Exposure of Resource to Wrong Sphere","In Spring Framework, versions 5.2.x prior to 5.2.15 and versions 5.3.x prior to 5.3.7, a WebFlux application is vulnerable to a privilege escalation: by (re)creating the temporary storage directory, a locally authenticated malicious user can read or modify files that have been uploaded to the WebFlux application, or overwrite arbitrary files with multipart request data.",NVD,MEDIUM,4.6,/AV:L/AC:L/Au:N/C:P/I:P/A:P,HIGH,7.8,CVSS:3.1/AV:L/AC:L/PR:L/UI:N/S:U/C:H/I:H/A:H/E:1.8/RC:R/MAV:A,"","","",HIGH,36,"","","","","","","",""
SchemaSpy Maven Plugin,"Sat, 15 Feb 2025 11:33:38 GMT",spring-expression-5.2.10.RELEASE.jar,/home/runner/.m2/repository/org/springframework/spring-expression/5.2.10.RELEASE/spring-expression-5.2.10.RELEASE.jar,Spring Expression Language (SpEL),"Apache License, Version 2.0: https://www.apache.org/licenses/LICENSE-2.0",b85609fa2ea8076be74131fb7eef33a7,4a863c13e8b263a1f867258b43443df7480702d1,pkg:maven/org.springframework/spring-expression@5.2.10.RELEASE,"cpe:2.3:a:pivotal_software:spring_framework:5.2.10:release:*:*:*:*:*:*, cpe:2.3:a:springsource:spring_framework:5.2.10:release:*:*:*:*:*:*, cpe:2.3:a:vmware:spring_framework:5.2.10:release:*:*:*:*:*:*",CVE-2022-22950,CWE-770 Allocation of Resources Without Limits or Throttling,"n Spring Framework versions 5.3.0 - 5.3.16 and older unsupported versions, it is possible for a user to provide a specially crafted SpEL expression that may cause a denial of service condition.",NVD,MEDIUM,4.0,/AV:N/AC:L/Au:S/C:N/I:N/A:P,MEDIUM,6.5,CVSS:3.1/AV:N/AC:L/PR:L/UI:N/S:U/C:N/I:N/A:H/E:2.8/RC:R/MAV:A,"","","",HIGH,36,"","","","","","","",""
SchemaSpy Maven Plugin,"Sat, 15 Feb 2025 11:33:38 GMT",spring-expression-5.2.10.RELEASE.jar,/home/runner/.m2/repository/org/springframework/spring-expression/5.2.10.RELEASE/spring-expression-5.2.10.RELEASE.jar,Spring Expression Language (SpEL),"Apache License, Version 2.0: https://www.apache.org/licenses/LICENSE-2.0",b85609fa2ea8076be74131fb7eef33a7,4a863c13e8b263a1f867258b43443df7480702d1,pkg:maven/org.springframework/spring-expression@5.2.10.RELEASE,"cpe:2.3:a:pivotal_software:spring_framework:5.2.10:release:*:*:*:*:*:*, cpe:2.3:a:springsource:spring_framework:5.2.10:release:*:*:*:*:*:*, cpe:2.3:a:vmware:spring_framework:5.2.10:release:*:*:*:*:*:*",CVE-2022-22971,CWE-770 Allocation of Resources Without Limits or Throttling,"In spring framework versions prior to 5.3.20+ , 5.2.22+ and old unsupported versions, application with a STOMP over WebSocket endpoint is vulnerable to a denial of service attack by an authenticated user.",NVD,MEDIUM,4.0,/AV:N/AC:L/Au:S/C:N/I:N/A:P,MEDIUM,6.5,CVSS:3.1/AV:N/AC:L/PR:L/UI:N/S:U/C:N/I:N/A:H/E:2.8/RC:R/MAV:A,"","","",HIGH,36,"","","","","","","",""
SchemaSpy Maven Plugin,"Sat, 15 Feb 2025 11:33:38 GMT",spring-expression-5.2.10.RELEASE.jar,/home/runner/.m2/repository/org/springframework/spring-expression/5.2.10.RELEASE/spring-expression-5.2.10.RELEASE.jar,Spring Expression Language (SpEL),"Apache License, Version 2.0: https://www.apache.org/licenses/LICENSE-2.0",b85609fa2ea8076be74131fb7eef33a7,4a863c13e8b263a1f867258b43443df7480702d1,pkg:maven/org.springframework/spring-expression@5.2.10.RELEASE,"cpe:2.3:a:pivotal_software:spring_framework:5.2.10:release:*:*:*:*:*:*, cpe:2.3:a:springsource:spring_framework:5.2.10:release:*:*:*:*:*:*, cpe:2.3:a:vmware:spring_framework:5.2.10:release:*:*:*:*:*:*",CVE-2023-20861,NVD-CWE-noinfo,"In Spring Framework versions 6.0.0 - 6.0.6, 5.3.0 - 5.3.25, 5.2.0.RELEASE - 5.2.22.RELEASE, and older unsupported versions, it is possible for a user to provide a specially crafted SpEL expression that may cause a denial-of-service (DoS) condition.",NVD,"","","",MEDIUM,6.5,CVSS:3.1/AV:N/AC:L/PR:L/UI:N/S:U/C:N/I:N/A:H/E:2.8/RC:R/MAV:A,"","","",HIGH,36,"","","","","","","",""
SchemaSpy Maven Plugin,"Sat, 15 Feb 2025 11:33:38 GMT",spring-expression-5.2.10.RELEASE.jar,/home/runner/.m2/repository/org/springframework/spring-expression/5.2.10.RELEASE/spring-expression-5.2.10.RELEASE.jar,Spring Expression Language (SpEL),"Apache License, Version 2.0: https://www.apache.org/licenses/LICENSE-2.0",b85609fa2ea8076be74131fb7eef33a7,4a863c13e8b263a1f867258b43443df7480702d1,pkg:maven/org.springframework/spring-expression@5.2.10.RELEASE,"cpe:2.3:a:pivotal_software:spring_framework:5.2.10:release:*:*:*:*:*:*, cpe:2.3:a:springsource:spring_framework:5.2.10:release:*:*:*:*:*:*, cpe:2.3:a:vmware:spring_framework:5.2.10:release:*:*:*:*:*:*",CVE-2023-20863,"CWE-400 Uncontrolled Resource Consumption, CWE-917 Improper Neutralization of Special Elements used in an Expression Language Statement ('Expression Language Injection')","In spring framework versions prior to 5.2.24 release+ ,5.3.27+ and 6.0.8+ , it is possible for a user to provide a specially crafted SpEL expression that may cause a denial-of-service (DoS) condition.",NVD,"","","",MEDIUM,6.5,CVSS:3.1/AV:N/AC:L/PR:L/UI:N/S:U/C:N/I:N/A:H/E:2.8/RC:R/MAV:A,"","","",HIGH,36,"","","","","","","",""
SchemaSpy Maven Plugin,"Sat, 15 Feb 2025 11:33:38 GMT",spring-expression-5.2.10.RELEASE.jar,/home/runner/.m2/repository/org/springframework/spring-expression/5.2.10.RELEASE/spring-expression-5.2.10.RELEASE.jar,Spring Expression Language (SpEL),"Apache License, Version 2.0: https://www.apache.org/licenses/LICENSE-2.0",b85609fa2ea8076be74131fb7eef33a7,4a863c13e8b263a1f867258b43443df7480702d1,pkg:maven/org.springframework/spring-expression@5.2.10.RELEASE,"cpe:2.3:a:pivotal_software:spring_framework:5.2.10:release:*:*:*:*:*:*, cpe:2.3:a:springsource:spring_framework:5.2.10:release:*:*:*:*:*:*, cpe:2.3:a:vmware:spring_framework:5.2.10:release:*:*:*:*:*:*",CVE-2024-38808,CWE-770 Allocation of Resources Without Limits or Throttling,"In Spring Framework versions 5.3.0 - 5.3.38 and older unsupported versions, it is possible for a user to provide a specially crafted Spring Expression Language (SpEL) expression that may cause a denial of service (DoS) condition.  Specifically, an application is vulnerable when the following is true:    *  The application evaluates user-supplied SpEL expressions.  Sonatype's research suggests that this CVE's details differ from those defined at NVD. See https://ossindex.sonatype.org/vulnerability/CVE-2024-38808 for details",OSSINDEX,MEDIUM,5.300000190734863,CVSS:4.0/AV:N/AC:L/AT:N/PR:N/UI:P/VC:N/VI:N/VA:L/SC:N/SI:N/SA:N,"","","","","","",HIGH,36,"","","","","","","",""
SchemaSpy Maven Plugin,"Sat, 15 Feb 2025 11:33:38 GMT",spring-expression-5.2.10.RELEASE.jar,/home/runner/.m2/repository/org/springframework/spring-expression/5.2.10.RELEASE/spring-expression-5.2.10.RELEASE.jar,Spring Expression Language (SpEL),"Apache License, Version 2.0: https://www.apache.org/licenses/LICENSE-2.0",b85609fa2ea8076be74131fb7eef33a7,4a863c13e8b263a1f867258b43443df7480702d1,pkg:maven/org.springframework/spring-expression@5.2.10.RELEASE,"cpe:2.3:a:pivotal_software:spring_framework:5.2.10:release:*:*:*:*:*:*, cpe:2.3:a:springsource:spring_framework:5.2.10:release:*:*:*:*:*:*, cpe:2.3:a:vmware:spring_framework:5.2.10:release:*:*:*:*:*:*",CVE-2022-22968,CWE-178 Improper Handling of Case Sensitivity,"In Spring Framework versions 5.3.0 - 5.3.18, 5.2.0 - 5.2.20, and older unsupported versions, the patterns for disallowedFields on a DataBinder are case sensitive which means a field is not effectively protected unless it is listed with both upper and lower case for the first character of the field, including upper and lower case for the first character of all nested fields within the property path.",NVD,MEDIUM,5.0,/AV:N/AC:L/Au:N/C:N/I:P/A:N,MEDIUM,5.3,CVSS:3.1/AV:N/AC:L/PR:N/UI:N/S:U/C:N/I:L/A:N/E:3.9/RC:R/MAV:A,"","","",HIGH,36,"","","","","","","",""
SchemaSpy Maven Plugin,"Sat, 15 Feb 2025 11:33:38 GMT",spring-expression-5.2.10.RELEASE.jar,/home/runner/.m2/repository/org/springframework/spring-expression/5.2.10.RELEASE/spring-expression-5.2.10.RELEASE.jar,Spring Expression Language (SpEL),"Apache License, Version 2.0: https://www.apache.org/licenses/LICENSE-2.0",b85609fa2ea8076be74131fb7eef33a7,4a863c13e8b263a1f867258b43443df7480702d1,pkg:maven/org.springframework/spring-expression@5.2.10.RELEASE,"cpe:2.3:a:pivotal_software:spring_framework:5.2.10:release:*:*:*:*:*:*, cpe:2.3:a:springsource:spring_framework:5.2.10:release:*:*:*:*:*:*, cpe:2.3:a:vmware:spring_framework:5.2.10:release:*:*:*:*:*:*",CVE-2022-22970,CWE-770 Allocation of Resources Without Limits or Throttling,"In spring framework versions prior to 5.3.20+ , 5.2.22+ and old unsupported versions, applications that handle file uploads are vulnerable to DoS attack if they rely on data binding to set a MultipartFile or javax.servlet.Part to a field in a model object.",NVD,LOW,3.5,/AV:N/AC:M/Au:S/C:N/I:N/A:P,MEDIUM,5.3,CVSS:3.1/AV:N/AC:H/PR:L/UI:N/S:U/C:N/I:N/A:H/E:1.6/RC:R/MAV:A,"","","",HIGH,36,"","","","","","","",""
SchemaSpy Maven Plugin,"Sat, 15 Feb 2025 11:33:38 GMT",spring-expression-5.2.10.RELEASE.jar,/home/runner/.m2/repository/org/springframework/spring-expression/5.2.10.RELEASE/spring-expression-5.2.10.RELEASE.jar,Spring Expression Language (SpEL),"Apache License, Version 2.0: https://www.apache.org/licenses/LICENSE-2.0",b85609fa2ea8076be74131fb7eef33a7,4a863c13e8b263a1f867258b43443df7480702d1,pkg:maven/org.springframework/spring-expression@5.2.10.RELEASE,"cpe:2.3:a:pivotal_software:spring_framework:5.2.10:release:*:*:*:*:*:*, cpe:2.3:a:springsource:spring_framework:5.2.10:release:*:*:*:*:*:*, cpe:2.3:a:vmware:spring_framework:5.2.10:release:*:*:*:*:*:*",CVE-2021-22060,NVD-CWE-noinfo,"In Spring Framework versions 5.3.0 - 5.3.13, 5.2.0 - 5.2.18, and older unsupported versions, it is possible for a user to provide malicious input to cause the insertion of additional log entries. This is a follow-up to CVE-2021-22096 that protects against additional types of input and in more places of the Spring Framework codebase.",NVD,MEDIUM,4.0,/AV:N/AC:L/Au:S/C:N/I:P/A:N,MEDIUM,4.3,CVSS:3.1/AV:N/AC:L/PR:L/UI:N/S:U/C:N/I:L/A:N/E:2.8/RC:R/MAV:A,"","","",HIGH,36,"","","","","","","",""
SchemaSpy Maven Plugin,"Sat, 15 Feb 2025 11:33:38 GMT",spring-expression-5.2.10.RELEASE.jar,/home/runner/.m2/repository/org/springframework/spring-expression/5.2.10.RELEASE/spring-expression-5.2.10.RELEASE.jar,Spring Expression Language (SpEL),"Apache License, Version 2.0: https://www.apache.org/licenses/LICENSE-2.0",b85609fa2ea8076be74131fb7eef33a7,4a863c13e8b263a1f867258b43443df7480702d1,pkg:maven/org.springframework/spring-expression@5.2.10.RELEASE,"cpe:2.3:a:pivotal_software:spring_framework:5.2.10:release:*:*:*:*:*:*, cpe:2.3:a:springsource:spring_framework:5.2.10:release:*:*:*:*:*:*, cpe:2.3:a:vmware:spring_framework:5.2.10:release:*:*:*:*:*:*",CVE-2021-22096,"CWE-117 Improper Output Neutralization for Logs, NVD-CWE-Other","In Spring Framework versions 5.3.0 - 5.3.10, 5.2.0 - 5.2.17, and older unsupported versions, it is possible for a user to provide malicious input to cause the insertion of additional log entries.",NVD,MEDIUM,4.0,/AV:N/AC:L/Au:S/C:N/I:P/A:N,MEDIUM,4.3,CVSS:3.1/AV:N/AC:L/PR:L/UI:N/S:U/C:N/I:L/A:N/E:2.8/RC:R/MAV:A,"","","",HIGH,36,"","","","","","","",""
SchemaSpy Maven Plugin,"Sat, 15 Feb 2025 11:33:38 GMT",xalan-2.7.2.jar,/home/runner/.m2/repository/xalan/xalan/2.7.2/xalan-2.7.2.jar,"Xalan-Java is an XSLT processor for transforming XML documents into HTML,     text, or other XML document types. It implements XSL Transformations (XSLT)     Version 1.0 and XML Path Language (XPath) Version 1.0 and can be used from     the command line, in an applet or a servlet, or as a module in other program.","",6aa6607802502c8016b676f25f8e4873,d55d3f02a56ec4c25695fe67e1334ff8c2ecea23,pkg:maven/xalan/xalan@2.7.2,cpe:2.3:a:apache:xalan-java:2.7.2:*:*:*:*:*:*:*,CVE-2022-34169,CWE-681 Incorrect Conversion between Numeric Types,The Apache Xalan Java XSLT library is vulnerable to an integer truncation issue when processing malicious XSLT stylesheets. This can be used to corrupt Java class files generated by the internal XSLTC compiler and execute arbitrary Java bytecode. Users are recommended to update to version 2.7.3 or later. Note: Java runtimes (such as OpenJDK) include repackaged copies of Xalan.,NVD,"","","",HIGH,7.5,CVSS:3.1/AV:N/AC:L/PR:N/UI:N/S:U/C:N/I:H/A:N/E:3.9/RC:R/MAV:A,"","","",HIGH,66,"","","","","","","",""
